dgp,n,replication,estimator,estimate,se,ci_low,ci_high,covered,true_effect
linear,200,0,Regression,1.935543892444249,0.1488237555315707,1.9973444361547115,2.037573823058183,True,2.0
linear,200,0,Matching,1.8664607278156344,0.18579147231117701,1.9224018833245875,1.938958520030756,False,2.0
linear,200,0,IPW,1.9368099985456269,0.3169236529448402,2.021655606082396,2.0545940117486303,False,2.0
linear,200,0,DR,1.9196260213869472,0.1512769292628387,2.0232745603769104,2.023902713492079,False,2.0
linear,200,0,CrossFitDR,1.917655346494327,0.15797919835225244,2.00299966437335,2.041797470222231,False,2.0
linear,200,0,FlexibleDR,1.971792858749684,0.2017174413567642,2.1427801856448587,2.1489479794411364,False,2.0
linear,200,1,Regression,1.4920607917564774,0.14813018847818438,1.5540121383441388,1.5604531935842911,False,2.0
linear,200,1,Matching,1.4781292253138856,0.16564765890066044,1.5258660366949177,1.6460872886663072,False,2.0
linear,200,1,IPW,1.5018280096942567,0.3121714941953261,1.548258015931908,1.5632273695881185,False,2.0
linear,200,1,DR,1.4950907559808602,0.14325690945973416,1.5464704822530175,1.5614518317913781,False,2.0
linear,200,1,CrossFitDR,1.4879389983957925,0.14987414416737296,1.549274117246001,1.5657570822321956,False,2.0
linear,200,1,FlexibleDR,1.4604997255103709,0.17269243240126503,1.5893821871846356,1.659226004456687,False,2.0
linear,200,2,Regression,2.118217563483565,0.15611045954875483,1.944277451948512,2.109206902127258,True,2.0
linear,200,2,Matching,2.221806418093102,0.17560035009954492,1.9899737062677423,2.0544970223618195,True,2.0
linear,200,2,IPW,2.1065579732902626,0.38566518698804897,1.950694421986786,2.0835082420052746,True,2.0
linear,200,2,DR,2.109738723065561,0.15555859402576802,1.9471166330857554,2.0777463116107913,True,2.0
linear,200,2,CrossFitDR,2.111631105384655,0.1629732890517624,1.939719575948857,2.0767085525313673,True,2.0
linear,200,2,FlexibleDR,2.073709019180643,0.17418222312569037,2.008053836788483,2.0885916121773924,False,2.0
linear,200,3,Regression,2.1455203281171666,0.14756688888513358,1.9807129608784129,2.143330531822217,True,2.0
linear,200,3,Matching,1.9665196149824495,0.18859915153540566,1.9486539922431203,2.0839669246520938,True,2.0
linear,200,3,IPW,2.194863362636398,0.3132205493169657,2.0926997830354215,2.1273509530315007,False,2.0
linear,200,3,DR,2.1838635867176657,0.146124886890928,2.028885174286941,2.157404940401205,False,2.0
linear,200,3,CrossFitDR,2.220954505576231,0.16047768142990262,2.0518951006845567,2.1763337800613805,False,2.0
linear,200,3,FlexibleDR,2.124829485632376,0.15065500489232456,1.977713372445335,2.074157662051099,True,2.0
linear,200,4,Regression,1.9477102857819082,0.15330603630816342,1.739538464181147,2.051175087307931,True,2.0
linear,200,4,Matching,1.7618253828618868,0.18332012703292766,1.4575350016584223,1.8461725586240092,False,2.0
linear,200,4,IPW,1.905486389173499,0.42671921191585377,1.7241694182497325,2.030741301274096,True,2.0
linear,200,4,DR,1.9010656462799767,0.16256686771881368,1.7015850470922984,2.0227087176913323,True,2.0
linear,200,4,CrossFitDR,1.9104368208814662,0.17387244700595278,1.6986248130254562,2.037778281601299,True,2.0
linear,200,4,FlexibleDR,1.9321694260541258,0.20719974233484728,1.7287658902828826,2.0558137114539075,True,2.0
linear,200,5,Regression,1.7909077598360685,0.15098504933114093,1.6565668511254314,1.8704922603829817,False,2.0
linear,200,5,Matching,1.704981722470575,0.1564690966671926,1.4887950304404334,1.6286530561407282,False,2.0
linear,200,5,IPW,1.6604404313236554,0.4410930803201016,1.4461375551681936,1.481553845298439,False,2.0
linear,200,5,DR,1.83506803493556,0.14408472525580876,1.6990496475145802,1.7988276866047612,False,2.0
linear,200,5,CrossFitDR,1.827119471224013,0.15586992237415817,1.6974431171287152,1.7877885004731606,False,2.0
linear,200,5,FlexibleDR,1.6978192713775975,0.21012693275953526,1.6394265019044354,1.9429083589288791,False,2.0
linear,200,6,Regression,2.1005333210985726,0.13951955787892265,2.0940662998281008,2.254617402931015,False,2.0
linear,200,6,Matching,1.8400402464181296,0.15817748278550542,2.0312510844806777,2.208524191110484,False,2.0
linear,200,6,IPW,2.1541701577865884,0.3434889658862435,2.136825016362712,2.3114080598927655,False,2.0
linear,200,6,DR,2.105305719595608,0.14661613727847128,2.1212937322636827,2.2730445443117113,False,2.0
linear,200,6,CrossFitDR,2.097699206550311,0.15118481686214275,2.1683383566584413,2.279162479651946,False,2.0
linear,200,6,FlexibleDR,2.1480592493544943,0.15830671256749138,2.2618864277706914,2.4129099657488444,False,2.0
linear,200,7,Regression,1.924473497177075,0.15919413021137543,1.894681419505264,1.9233170303060552,False,2.0
linear,200,7,Matching,1.7997665950578536,0.18494637604135128,1.7973082248393808,1.879984901582081,False,2.0
linear,200,7,IPW,1.8523674923548006,0.4363530039010397,1.7475499666465049,1.917546979102494,False,2.0
linear,200,7,DR,1.9030675656561937,0.1648912624130267,1.879132107684654,1.880742236512051,False,2.0
linear,200,7,CrossFitDR,1.9015400339776531,0.17418006494820207,1.74501463945897,1.8697330520389084,False,2.0
linear,200,7,FlexibleDR,1.8054043799807393,0.20004008153714717,1.9373335598627464,1.982881284662342,False,2.0
linear,200,8,Regression,2.0391466972414265,0.149483049241272,2.155645035340432,2.1641220963227363,False,2.0
linear,200,8,Matching,2.0804782649621107,0.14242601544717676,2.1773178974005596,2.204904865981219,False,2.0
linear,200,8,IPW,2.074128539951794,0.3418490316058887,2.1681829897236446,2.2172844873502298,False,2.0
linear,200,8,DR,2.0132031269515416,0.14863206514612834,2.0996876359362244,2.157237982780304,False,2.0
linear,200,8,CrossFitDR,2.0187854142013397,0.1551813274555458,2.042623924611607,2.163475318701559,False,2.0
linear,200,8,FlexibleDR,1.889254261867329,0.2087723043661443,1.8040020372618226,2.1290785174176783,True,2.0
linear,200,9,Regression,2.0380684797048696,0.15430128784266028,1.8721888752279192,2.291740364259615,True,2.0
linear,200,9,Matching,1.958069331837223,0.19152998405831534,1.6965019742086065,2.124485901618765,True,2.0
linear,200,9,IPW,2.1839060082032464,0.29490516713773285,1.9855927150233268,2.346508331427985,True,2.0
linear,200,9,DR,2.058253414076189,0.15643910236594258,1.7949870742631966,2.280388029242914,True,2.0
linear,200,9,CrossFitDR,2.0523950236066817,0.16734282354861205,1.7241313639982967,2.238289046431501,True,2.0
linear,200,9,FlexibleDR,2.1873014119208,0.20371830119353015,1.7769459936603513,1.9829898574566247,False,2.0
nonlinear_outcome,200,0,Regression,1.949472723525194,0.15154373209201247,1.6996602597632475,2.1240658497395524,True,2.0
nonlinear_outcome,200,0,Matching,1.8527806467358396,0.12586056301854467,1.5527250766590357,2.0494882433145354,True,2.0
nonlinear_outcome,200,0,IPW,1.9628196007567973,0.25461844159265895,1.6529722471327541,2.172165304650938,True,2.0
nonlinear_outcome,200,0,DR,1.9631561676996752,0.16774824297900928,1.648456489447012,2.193186133650609,True,2.0
nonlinear_outcome,200,0,CrossFitDR,1.9810873350054712,0.20720651425961745,1.6460276249699664,2.2013853408424717,True,2.0
nonlinear_outcome,200,0,FlexibleDR,1.8653826946201577,0.1303977406170439,1.8217722917886632,2.1141416170327605,True,2.0
nonlinear_outcome,200,1,Regression,1.8868334164290221,0.12940961217438324,1.8569401266527372,1.8958723317495545,False,2.0
nonlinear_outcome,200,1,Matching,1.7155637269995607,0.16693770951932027,1.7216069516876722,1.8888696328869634,False,2.0
nonlinear_outcome,200,1,IPW,1.9100658438539928,0.2623697799752539,1.8588554816957252,1.8939101514005827,False,2.0
nonlinear_outcome,200,1,DR,1.909158427761344,0.1294606207343488,1.8540606990246367,1.891634536386343,False,2.0
nonlinear_outcome,200,1,CrossFitDR,1.942298002590382,0.1366340494368426,1.8758881773058256,1.8761789286492483,False,2.0
nonlinear_outcome,200,1,FlexibleDR,1.956308336139441,0.09287767503744741,1.8908308665932771,2.008610322230527,True,2.0
nonlinear_outcome,200,2,Regression,2.271355256675477,0.1472737631115181,2.141799029746541,2.2770547494005826,False,2.0
nonlinear_outcome,200,2,Matching,2.2563465521949,0.1502396066899742,2.09442791504514,2.1761480347847764,False,2.0
nonlinear_outcome,200,2,IPW,2.2589659995047144,0.23655895689254497,2.126963632970119,2.233964114320609,False,2.0
nonlinear_outcome,200,2,DR,2.2709058583528368,0.1499658305984501,2.1067199644669676,2.2353134089280555,False,2.0
nonlinear_outcome,200,2,CrossFitDR,2.282957000894537,0.1553936474236048,2.130795289984803,2.1797617135286047,False,2.0
nonlinear_outcome,200,2,FlexibleDR,2.1233189635033947,0.09286711536283229,2.0164319925417304,2.0451076232429353,False,2.0
nonlinear_outcome,200,3,Regression,1.8814595888410877,0.12086751251897263,1.7854268862031808,1.8650771252933716,False,2.0
nonlinear_outcome,200,3,Matching,1.8111054568272063,0.14567742370814923,1.6047931752254871,1.70362551553664,False,2.0
nonlinear_outcome,200,3,IPW,1.8658374769169823,0.2577437860336405,1.7050635848936684,1.7672758493094232,False,2.0
nonlinear_outcome,200,3,DR,1.8521330862304493,0.12345384150270179,1.6988025277222267,1.7652773431347386,False,2.0
nonlinear_outcome,200,3,CrossFitDR,1.8738147283703557,0.13087761064046374,1.6449356953510221,1.6955701159221386,False,2.0
nonlinear_outcome,200,3,FlexibleDR,2.0730988686073424,0.09922847374119298,1.9696677834093972,1.99387865137136,False,2.0
nonlinear_outcome,200,4,Regression,2.1935045218341402,0.1360359549892025,2.1487623978484116,2.175143337129972,False,2.0
nonlinear_outcome,200,4,Matching,2.206911084417693,0.13226526869599523,1.935992119979662,2.259592877493417,True,2.0
nonlinear_outcome,200,4,IPW,2.176110639040761,0.254161273697166,2.103623896647323,2.1662612102414376,False,2.0
nonlinear_outcome,200,4,DR,2.1935321785786637,0.1458711065867979,2.166086830555352,2.177891254345793,False,2.0
nonlinear_outcome,200,4,CrossFitDR,2.1298986793253265,0.1597001644020681,2.1498562905205394,2.2186879661173036,False,2.0
nonlinear_outcome,200,4,FlexibleDR,2.046465745672384,0.1083626725266207,2.047852194547611,2.095146522448548,False,2.0
nonlinear_outcome,200,5,Regression,2.026869562112846,0.14137484372753806,2.0307032450330658,2.130072332809424,False,2.0
nonlinear_outcome,200,5,Matching,1.8022818768454831,0.13846704984636393,1.8264520925504153,2.0386132919976787,True,2.0
nonlinear_outcome,200,5,IPW,2.018750062565413,0.2240310303596,1.9995228221931551,2.0658565468474537,True,2.0
nonlinear_outcome,200,5,DR,1.9868283212888127,0.13315672951750002,1.997786689537142,2.068785129468452,True,2.0
nonlinear_outcome,200,5,CrossFitDR,1.9571012142791198,0.1421150661246533,1.997420261658173,2.092695095580292,True,2.0
nonlinear_outcome,200,5,FlexibleDR,2.0415793795454475,0.09110058040136183,2.0265755239153864,2.0512943076975514,False,2.0
nonlinear_outcome,200,6,Regression,2.0014192072126673,0.13268546338082357,1.940104700363301,1.9456170459767188,False,2.0
nonlinear_outcome,200,6,Matching,1.867470617864158,0.13223342594296147,1.747948530530918,1.8674157375094924,False,2.0
nonlinear_outcome,200,6,IPW,2.105933869455725,0.21984682482059786,2.0626104220813675,2.0918316350380133,False,2.0
nonlinear_outcome,200,6,DR,2.054928484654441,0.1407870868406041,2.0027187594457745,2.0521267511358356,False,2.0
nonlinear_outcome,200,6,CrossFitDR,2.04099484410511,0.15323419844633285,1.984049538827722,2.0610900794051634,True,2.0
nonlinear_outcome,200,6,FlexibleDR,2.0687786998370474,0.1140353557878244,2.001622161552015,2.117197715740653,False,2.0
nonlinear_outcome,200,7,Regression,1.9782459485418251,0.12964484129167628,2.102151942760757,2.1040137949534006,False,2.0
nonlinear_outcome,200,7,Matching,1.9303695742567417,0.1416445474269128,2.0129788062429252,2.014368233818882,False,2.0
nonlinear_outcome,200,7,IPW,2.014000921373155,0.1969368876551778,2.1397898483353077,2.14537958006152,False,2.0
nonlinear_outcome,200,7,DR,1.990786095507197,0.16207422709031685,2.0798195571539746,2.149688830959264,False,2.0
nonlinear_outcome,200,7,CrossFitDR,1.9773535564308549,0.16864551654233054,2.0749948359769497,2.1572863584657287,False,2.0
nonlinear_outcome,200,7,FlexibleDR,2.007681485973365,0.10356236560413225,2.1764145658093503,2.2034459852494175,False,2.0
nonlinear_outcome,200,8,Regression,2.011099621421873,0.12894516402691655,2.055310017247745,2.100014516742941,False,2.0
nonlinear_outcome,200,8,Matching,1.8973608878879529,0.1594670061447202,1.8387488902389055,2.1878098146198184,True,2.0
nonlinear_outcome,200,8,IPW,2.029480164261331,0.23879276066212426,2.095699849951769,2.107179120327398,False,2.0
nonlinear_outcome,200,8,DR,1.97931487792835,0.13249999728438464,2.0775429160055032,2.0896791859940986,False,2.0
nonlinear_outcome,200,8,CrossFitDR,1.9759202488342504,0.13979461897981096,2.0244995354066644,2.0753653513642503,False,2.0
nonlinear_outcome,200,8,FlexibleDR,1.9975847363640367,0.10724672311854061,1.9367158023499775,1.9601564904661974,False,2.0
nonlinear_outcome,200,9,Regression,1.8231536957345307,0.12275318995800821,1.7310346723847974,2.042336377994853,True,2.0
nonlinear_outcome,200,9,Matching,1.7230012961332528,0.14254423258618112,1.6630793495461675,1.9862511601530852,False,2.0
nonlinear_outcome,200,9,IPW,1.8552807685889616,0.23475252346240955,1.75100847139579,2.080781069659035,True,2.0
nonlinear_outcome,200,9,DR,1.8281021363241856,0.1485360424925823,1.73295353735315,2.0786350733955046,True,2.0
nonlinear_outcome,200,9,CrossFitDR,1.7941363352126982,0.15510487661509026,1.7298399508291902,2.169081158923288,True,2.0
nonlinear_outcome,200,9,FlexibleDR,2.0807701297724606,0.09888537565510457,1.8544765702115646,2.131856027072353,True,2.0
nonlinear_propensity,200,0,Regression,2.2048650797377403,0.14447542722740653,2.0741738950669593,2.3707588613626647,False,2.0
nonlinear_propensity,200,0,Matching,2.2171375718715547,0.19393868199542535,1.9702768249212688,2.534058203532862,True,2.0
nonlinear_propensity,200,0,IPW,2.2152260972698596,0.3038674954714332,2.1077111302098177,2.3742493701566447,False,2.0
nonlinear_propensity,200,0,DR,2.2066217870940594,0.14306369904639238,2.082737500031209,2.3645746039464037,False,2.0
nonlinear_propensity,200,0,CrossFitDR,2.1892034669158758,0.14771434589172175,2.1074164198685867,2.3838384708551716,False,2.0
nonlinear_propensity,200,0,FlexibleDR,2.3161420118220133,0.16341592118383785,2.0813905614705854,2.433093982024094,False,2.0
nonlinear_propensity,200,1,Regression,2.1783994453415554,0.14806975155323293,1.9894561850189627,2.458693897039513,True,2.0
nonlinear_propensity,200,1,Matching,2.348777117425824,0.2031910363589328,2.1552968122065064,2.6040798276762525,False,2.0
nonlinear_propensity,200,1,IPW,2.1576193617493544,0.3387847788504645,1.971976290288547,2.43861033496302,True,2.0
nonlinear_propensity,200,1,DR,2.171092324988428,0.14442501630827861,1.9802511512914966,2.4432204844332426,True,2.0
nonlinear_propensity,200,1,CrossFitDR,2.1501878268785832,0.15161721098574873,1.979736877874552,2.4392571494576054,True,2.0
nonlinear_propensity,200,1,FlexibleDR,2.1135677380752633,0.164822640579791,1.9536452421904325,2.3665701736044067,True,2.0
nonlinear_propensity,200,2,Regression,1.9414157747618064,0.13393516812837739,2.042243500888796,2.085838498187844,False,2.0
nonlinear_propensity,200,2,Matching,1.7391693590298278,0.15109384987825966,1.7886272667960474,2.1404796641360107,True,2.0
nonlinear_propensity,200,2,IPW,1.943210521833899,0.32841892027657826,2.063328646188391,2.0736606570621667,False,2.0
nonlinear_propensity,200,2,DR,1.9338245556605318,0.13056651609013176,2.017480850309394,2.0831202780094045,False,2.0
nonlinear_propensity,200,2,CrossFitDR,1.9559197226727612,0.13441586433090355,2.014695053075799,2.073492521134505,False,2.0
nonlinear_propensity,200,2,FlexibleDR,2.0303737787095066,0.15479736442780243,1.912860136022265,2.1131734912664952,True,2.0
nonlinear_propensity,200,3,Regression,2.0575948481387893,0.15178274681020934,1.895487286602115,2.0698376865951533,True,2.0
nonlinear_propensity,200,3,Matching,2.0225181321893624,0.19786634959308502,1.8510041966538637,1.980997254668939,False,2.0
nonlinear_propensity,200,3,IPW,2.067852281234189,0.33870650894391546,1.8981602919456484,2.08477796418059,True,2.0
nonlinear_propensity,200,3,DR,2.0719558098746593,0.14598558422144178,1.9118764897634646,2.0784195627011433,True,2.0
nonlinear_propensity,200,3,CrossFitDR,2.0726176728156487,0.1518322049884771,1.8901119854508193,2.0706867982702226,True,2.0
nonlinear_propensity,200,3,FlexibleDR,2.0091713829817426,0.17124347591888467,2.0852538844723907,2.1519014171361053,False,2.0
nonlinear_propensity,200,4,Regression,2.042309895363767,0.13994177033898966,1.8908586895499748,1.9966698392657813,False,2.0
nonlinear_propensity,200,4,Matching,1.9916479418981392,0.17738132989745253,1.8249903525933369,1.949514900700175,False,2.0
nonlinear_propensity,200,4,IPW,2.042587105203447,0.33586289493258575,1.8942912545109647,1.995252289572158,False,2.0
nonlinear_propensity,200,4,DR,2.041453768958068,0.13902454560508576,1.8813768297871767,1.9895285589773206,False,2.0
nonlinear_propensity,200,4,CrossFitDR,2.0325826040257233,0.14579418719916828,1.8938910873051964,2.006466030583795,True,2.0
nonlinear_propensity,200,4,FlexibleDR,1.8795004507657824,0.15946047528737042,1.6877798377115674,1.884618320304099,False,2.0
nonlinear_propensity,200,5,Regression,1.9341360979929028,0.14121581876285288,1.8017178462306855,2.1503826651096607,True,2.0
nonlinear_propensity,200,5,Matching,1.8643116586120703,0.1673251652445761,1.7217804862286197,1.8846708957073304,False,2.0
nonlinear_propensity,200,5,IPW,1.9458329209793181,0.35546707388495447,1.8308475799393988,2.1330827019568646,True,2.0
nonlinear_propensity,200,5,DR,1.941425608409026,0.14062771523123743,1.8160219527800736,2.148486822132999,True,2.0
nonlinear_propensity,200,5,CrossFitDR,1.962956615716144,0.1479835496478523,1.8238317392265553,2.125641981747508,True,2.0
nonlinear_propensity,200,5,FlexibleDR,1.8076457878448446,0.2008080579942451,1.9023203589207363,2.009719945306234,True,2.0
nonlinear_propensity,200,6,Regression,2.0922636701355963,0.14849041818935418,1.8958525523764251,2.062003041286126,True,2.0
nonlinear_propensity,200,6,Matching,2.1233537335002053,0.20586958488715099,1.8270497432662207,2.1888653054604306,True,2.0
nonlinear_propensity,200,6,IPW,2.080908635584613,0.2911969517910358,1.8775844383811022,2.0737478388637887,True,2.0
nonlinear_propensity,200,6,DR,2.1032490793919814,0.1479363798975818,1.8903780405585768,2.0759356695371984,True,2.0
nonlinear_propensity,200,6,CrossFitDR,2.107715236374682,0.15583696039538847,1.9123632346872919,2.042980788102344,True,2.0
nonlinear_propensity,200,6,FlexibleDR,2.264710736877887,0.1805892850390598,1.9467276841445909,2.199360957587704,True,2.0
nonlinear_propensity,200,7,Regression,2.0049807505934205,0.13941298104191444,1.9695287022437955,2.178315146744684,True,2.0
nonlinear_propensity,200,7,Matching,2.1113019743288732,0.1800793400025526,1.9863633251654145,2.316038259569766,True,2.0
nonlinear_propensity,200,7,IPW,2.0086154284126456,0.3497418606029035,1.9720981171265353,2.1765421995631926,True,2.0
nonlinear_propensity,200,7,DR,2.006055027306851,0.13767030303959782,1.97354892069853,2.1759694253205546,True,2.0
nonlinear_propensity,200,7,CrossFitDR,2.0264778369137533,0.141213164952453,2.003140193800238,2.160845387125385,False,2.0
nonlinear_propensity,200,7,FlexibleDR,2.0262358064879296,0.1568420975950218,1.9210574393709074,2.161914701755606,True,2.0
nonlinear_propensity,200,8,Regression,1.8651846928553488,0.14020533454318168,1.99701788780211,2.0589936147850696,True,2.0
nonlinear_propensity,200,8,Matching,1.8795611860217225,0.20138010935589912,1.9284401515870502,2.143504868619695,True,2.0
nonlinear_propensity,200,8,IPW,1.858872117560576,0.31882844106170705,1.9979920988069684,2.056885825341416,True,2.0
nonlinear_propensity,200,8,DR,1.866344718378516,0.1392288773953763,1.998088777033527,2.0693678261151778,True,2.0
nonlinear_propensity,200,8,CrossFitDR,1.8636438470769727,0.14558246095282334,1.954112201179932,2.085665589556892,True,2.0
nonlinear_propensity,200,8,FlexibleDR,1.7568784492699212,0.16073244029699213,1.7312587152191632,1.7833301864570112,False,2.0
nonlinear_propensity,200,9,Regression,2.042911612561344,0.13883460132154998,2.0263832796161143,2.12268082689922,False,2.0
nonlinear_propensity,200,9,Matching,1.8962969577503037,0.16929942731537012,1.9297320475921154,2.068334404767961,True,2.0
nonlinear_propensity,200,9,IPW,2.050909338865444,0.30956500034450857,2.0268149085097447,2.149870323792411,False,2.0
nonlinear_propensity,200,9,DR,2.043416008352845,0.13862427456665471,2.0174985831956187,2.130387044673774,False,2.0
nonlinear_propensity,200,9,CrossFitDR,2.0604153756180734,0.1452299389312946,2.007505592998706,2.1379294091955736,False,2.0
nonlinear_propensity,200,9,FlexibleDR,2.059248535306724,0.16472359036541986,2.128001595028142,2.1677475212915156,False,2.0
double_nonlinear,200,0,Regression,2.299373880403437,0.14235794509923877,2.143452520440009,2.3950449874869415,False,2.0
double_nonlinear,200,0,Matching,2.0660343373954455,0.14331192659501324,2.0041971136501635,2.1422835560821643,False,2.0
double_nonlinear,200,0,IPW,2.332436397789845,0.2209886140531153,2.163117850861968,2.454405050217748,False,2.0
double_nonlinear,200,0,DR,2.3813914935078806,0.16378950858621377,2.1306622800020993,2.4831221109287442,False,2.0
double_nonlinear,200,0,CrossFitDR,2.4996731544484754,0.2213592463122543,2.1449163425205873,2.5114462239115314,False,2.0
double_nonlinear,200,0,FlexibleDR,2.238986619054804,0.12616877664583084,2.1060625728843583,2.183131050799204,False,2.0
double_nonlinear,200,1,Regression,2.148269611457468,0.12928580846598017,1.8613104547680273,2.0977701367044617,True,2.0
double_nonlinear,200,1,Matching,1.9754210132564627,0.13834651868750467,1.7831251781499176,1.9254185111846718,False,2.0
double_nonlinear,200,1,IPW,2.147024742757845,0.2374369468740838,1.868780550306683,2.1095107298794473,True,2.0
double_nonlinear,200,1,DR,2.1416840825795216,0.1228192477354811,1.8413176540547302,2.0939988309970055,True,2.0
double_nonlinear,200,1,CrossFitDR,2.1532226727819914,0.12963249604177177,1.810389006593437,2.0770134451584705,True,2.0
double_nonlinear,200,1,FlexibleDR,2.043364851905565,0.08593503385740492,1.9539220852371275,1.9712189221202103,False,2.0
double_nonlinear,200,2,Regression,2.23999703892731,0.1239838942744185,2.1968633969084,2.2147224709053654,False,2.0
double_nonlinear,200,2,Matching,2.2265654121305936,0.14087169457294546,1.947039217699967,2.18629326412248,True,2.0
double_nonlinear,200,2,IPW,2.2432654860484966,0.2269690299402522,2.1940392768591344,2.2014300188253935,False,2.0
double_nonlinear,200,2,DR,2.257982677116445,0.11882145443933065,2.216936581173957,2.24391788811357,False,2.0
double_nonlinear,200,2,CrossFitDR,2.2577217997572188,0.1296909569685183,2.255552035207607,2.2586397447128275,False,2.0
double_nonlinear,200,2,FlexibleDR,2.125763279459035,0.08892038660719061,2.1382525136951367,2.2642443599067743,False,2.0
double_nonlinear,200,3,Regression,2.0853159304848825,0.12095874886837324,2.0457185647241496,2.2034379578151655,False,2.0
double_nonlinear,200,3,Matching,2.089531541779206,0.12844212095496615,2.0639506042876365,2.068263259443669,False,2.0
double_nonlinear,200,3,IPW,2.086899059805365,0.22925689704105717,2.0497022701443526,2.2349260974327443,False,2.0
double_nonlinear,200,3,DR,2.085711504486838,0.12003215746526479,2.052470358072274,2.21842272011605,False,2.0
double_nonlinear,200,3,CrossFitDR,2.0883703476964808,0.12651414860544705,2.070869900658109,2.357871797042544,False,2.0
double_nonlinear,200,3,FlexibleDR,1.9912134921339162,0.10427257699773858,2.007929104689074,2.0700965768439104,False,2.0
double_nonlinear,200,4,Regression,2.1255055452141276,0.13082877494942333,1.9448122974514277,2.158954007946131,True,2.0
double_nonlinear,200,4,Matching,1.8090495141139618,0.15910361368949627,1.8145073505282507,2.280446702104064,True,2.0
double_nonlinear,200,4,IPW,2.120658249709451,0.1973264977230852,1.9420299651577484,2.178226716399443,True,2.0
double_nonlinear,200,4,DR,2.123869405129818,0.1179613952023544,1.947954158858883,2.156722842752226,True,2.0
double_nonlinear,200,4,CrossFitDR,2.073442578841868,0.1292026515331548,1.9437488777438856,2.145455514974302,True,2.0
double_nonlinear,200,4,FlexibleDR,1.9946982000346474,0.10286504650599475,1.8508237500415132,2.145804689418669,True,2.0
double_nonlinear,200,5,Regression,2.169013180839253,0.11957465862095455,2.148265880721721,2.2171540282980913,False,2.0
double_nonlinear,200,5,Matching,2.109270758451426,0.15009850220290266,2.140749566906056,2.1776521448927753,False,2.0
double_nonlinear,200,5,IPW,2.1447168574454585,0.2562025061931231,2.12065705966492,2.211686227420623,False,2.0
double_nonlinear,200,5,DR,2.1599717981720206,0.12169850961221501,2.138852623100243,2.228194874332362,False,2.0
double_nonlinear,200,5,CrossFitDR,2.1533431666646288,0.13384207688549024,1.9566959765298066,2.158554813329724,True,2.0
double_nonlinear,200,5,FlexibleDR,1.9782734502821604,0.11382465597004758,1.6391886292044662,2.0276569549848644,True,2.0
double_nonlinear,200,6,Regression,2.173514767975685,0.12242674654695665,2.0387505282445133,2.1061700507085455,False,2.0
double_nonlinear,200,6,Matching,2.0198024236126733,0.15871545653508107,1.9363883953105463,1.9691759202426515,False,2.0
double_nonlinear,200,6,IPW,2.173110562531553,0.2263447534101343,2.04613564637918,2.1164542941778763,False,2.0
double_nonlinear,200,6,DR,2.1710527918824987,0.11969707803501238,2.035681197930337,2.1141299535695848,False,2.0
double_nonlinear,200,6,CrossFitDR,2.2003488204311235,0.12373990798206104,2.042359497951038,2.1293158058891866,False,2.0
double_nonlinear,200,6,FlexibleDR,2.144199636624161,0.09489741751494692,2.0938168408249767,2.180261393645547,False,2.0
double_nonlinear,200,7,Regression,2.267161329575907,0.1384327759143849,2.258979139351339,2.2691175604772353,False,2.0
double_nonlinear,200,7,Matching,2.071467884360949,0.13799862613423633,2.1269127747639347,2.2315015507742006,False,2.0
double_nonlinear,200,7,IPW,2.2878307306468897,0.22622925728903862,2.2630413215762206,2.28820967262094,False,2.0
double_nonlinear,200,7,DR,2.3121818710656914,0.1397757614686,2.266077240527908,2.3083628407094547,False,2.0
double_nonlinear,200,7,CrossFitDR,2.3667417335404055,0.15936595151677665,2.2934004045896415,2.333191630957452,False,2.0
double_nonlinear,200,7,FlexibleDR,2.159136357989363,0.11143803983409024,2.0622163422136603,2.343334235452377,False,2.0
double_nonlinear,200,8,Regression,2.2743440191971773,0.13515640953805708,2.336858191856335,2.3393779293465107,False,2.0
double_nonlinear,200,8,Matching,2.0970160632011914,0.11656541030592567,2.0707628071186157,2.1674049967458515,False,2.0
double_nonlinear,200,8,IPW,2.2856900565485354,0.21374920193254493,2.345911798195959,2.40418882724622,False,2.0
double_nonlinear,200,8,DR,2.2731748612988656,0.1270416892281828,2.3193595388328796,2.401313681203052,False,2.0
double_nonlinear,200,8,CrossFitDR,2.2672889149955737,0.1285137605674641,2.343282952798536,2.392740068760711,False,2.0
double_nonlinear,200,8,FlexibleDR,2.0867609394687467,0.09468791279559637,2.1082699662965134,2.1965277178123324,False,2.0
double_nonlinear,200,9,Regression,2.181255218939792,0.10988878554712132,1.9706865249323424,2.1355765043464676,True,2.0
double_nonlinear,200,9,Matching,2.132106797214497,0.12414806942712397,1.8773926203969344,2.0426948869555055,True,2.0
double_nonlinear,200,9,IPW,2.197266375473588,0.21777231010102277,1.98841677049879,2.139480138792909,True,2.0
double_nonlinear,200,9,DR,2.182823249693087,0.10836636434188068,1.9810101533357518,2.123502112349753,True,2.0
double_nonlinear,200,9,CrossFitDR,2.1916929310244084,0.11636547099712453,2.0068084257340955,2.1303429366497513,False,2.0
double_nonlinear,200,9,FlexibleDR,2.0101919626581384,0.10007154396288381,1.7744816307466176,1.9522719160464364,False,2.0
strong_confounding,200,0,Regression,1.7892625301562108,0.19313204113984253,1.8378721721738784,1.9325541001980213,False,2.0
strong_confounding,200,0,Matching,1.4566450286593169,0.2867069088168528,1.614307444675385,1.8149106079546322,False,2.0
strong_confounding,200,0,IPW,2.2705193185583035,0.720941190819715,2.717847663660201,2.884869674256539,False,2.0
strong_confounding,200,0,DR,1.6717088290522804,0.23508437026853024,1.739308380825466,2.015908945869074,True,2.0
strong_confounding,200,0,CrossFitDR,1.6319155141745005,0.2578410861929515,1.6684963569740492,2.0018971908258694,True,2.0
strong_confounding,200,0,FlexibleDR,1.7997765978811286,0.38525390838327955,2.075472408357749,2.3232890536587054,False,2.0
strong_confounding,200,1,Regression,1.8335611789714465,0.1671179774713289,1.7172296354439385,1.8537891912985964,False,2.0
strong_confounding,200,1,Matching,1.8194380334728029,0.22207009156745858,1.5658496797842543,1.660667787417251,False,2.0
strong_confounding,200,1,IPW,1.5750317729362204,1.0647074370622278,1.4908990475283634,2.767353431475027,True,2.0
strong_confounding,200,1,DR,1.7841217823723519,0.1315915378727685,1.709749147044199,1.8976468261597672,False,2.0
strong_confounding,200,1,CrossFitDR,1.767950906488499,0.14513287545143283,1.712397669781082,1.9970145789253815,False,2.0
strong_confounding,200,1,FlexibleDR,1.612977974237892,0.39808510484037407,1.9563706963867478,2.5161937540877437,True,2.0
strong_confounding,200,2,Regression,1.9616473047790595,0.18239728632335803,1.7736331372746592,1.7852907140096073,False,2.0
strong_confounding,200,2,Matching,1.7367376761016218,0.24715761471755138,1.4190960976657359,1.4334677254933572,False,2.0
strong_confounding,200,2,IPW,2.8499494034350126,0.5484726874880843,2.649013061072902,3.268800672907998,False,2.0
strong_confounding,200,2,DR,1.94996410719218,0.14630034865221944,1.7577266521271808,1.8151370002359366,False,2.0
strong_confounding,200,2,CrossFitDR,1.960350758613555,0.15405218600216047,1.7273820540478353,1.7930264710740116,False,2.0
strong_confounding,200,2,FlexibleDR,2.1806510889406585,0.17687077286323072,2.073888111015857,2.2614962564546213,False,2.0
strong_confounding,200,3,Regression,1.9624954522471556,0.16689757458350835,2.0754739893690957,2.245590956176927,False,2.0
strong_confounding,200,3,Matching,1.7016258101474329,0.19321866950503022,1.7645588693868741,1.9808060597170436,False,2.0
strong_confounding,200,3,IPW,2.5888149925159754,0.5624631509418884,2.567056192276936,2.841832390861762,False,2.0
strong_confounding,200,3,DR,2.007433681312845,0.13501124995682656,2.099708276790758,2.2411332378656548,False,2.0
strong_confounding,200,3,CrossFitDR,2.0236314924787093,0.1497969416141592,2.109888107186641,2.245132190866812,False,2.0
strong_confounding,200,3,FlexibleDR,2.2335510926524584,0.1670565488508771,2.38640365274441,2.69306862897894,False,2.0
strong_confounding,200,4,Regression,1.9901910188673981,0.17379257820201924,2.108757148624874,2.118499498821583,False,2.0
strong_confounding,200,4,Matching,1.8282803408151118,0.19424796306426248,2.070579194677809,2.241195483855511,False,2.0
strong_confounding,200,4,IPW,2.542138285646493,0.5442711437894987,2.47254762237806,2.7092359275857074,False,2.0
strong_confounding,200,4,DR,2.0298445077801857,0.15248009925477368,2.0050662151425755,2.1903540589712343,False,2.0
strong_confounding,200,4,CrossFitDR,2.002556645891096,0.1697850931781966,1.9838829065745713,2.1642403057194226,True,2.0
strong_confounding,200,4,FlexibleDR,2.226998852533047,0.2173187618675289,2.3797366008982044,2.5208313594081484,False,2.0
strong_confounding,200,5,Regression,1.9941036259836704,0.17821588001729452,1.749577965320095,1.8703950526286,False,2.0
strong_confounding,200,5,Matching,1.8049350933650996,0.20317471493320924,1.2254932131384069,1.4619355817320128,False,2.0
strong_confounding,200,5,IPW,2.428516962412562,0.606692933791335,2.3512271265974296,2.393584380775922,False,2.0
strong_confounding,200,5,DR,1.943369902334499,0.14983015549578013,1.7140654006505762,1.9039000993878092,False,2.0
strong_confounding,200,5,CrossFitDR,1.9077122567692408,0.16461089678563048,1.6498609784901488,1.932253461581188,False,2.0
strong_confounding,200,5,FlexibleDR,2.190112380204079,0.21911209872346804,2.2412535597539143,2.2554284949957406,False,2.0
strong_confounding,200,6,Regression,1.8437928224772508,0.16602930617278983,1.8786782296987272,1.9028839741056183,False,2.0
strong_confounding,200,6,Matching,1.521076241793023,0.20695439652141853,1.6688482801684925,1.7691425034211001,False,2.0
strong_confounding,200,6,IPW,2.1070230963595877,0.7048847623826058,2.1406657381841225,2.227272508163809,False,2.0
strong_confounding,200,6,DR,1.8723538408147917,0.1407498768761131,1.8838353993603345,1.9387259299023853,False,2.0
strong_confounding,200,6,CrossFitDR,1.89374840274271,0.14906874504952058,1.8861041984940832,1.9538450698342908,False,2.0
strong_confounding,200,6,FlexibleDR,1.596445260574228,0.2895779020700631,1.7766714758179718,1.827324560962291,False,2.0
strong_confounding,200,7,Regression,2.291532690521387,0.16519286480254944,2.265898670280781,2.802744079210965,False,2.0
strong_confounding,200,7,Matching,2.0659848984972773,0.22525101171888484,2.0620701773160457,2.4701015124829704,False,2.0
strong_confounding,200,7,IPW,1.8174837395449233,0.9295533275113574,2.6606203321276096,2.987292764970908,False,2.0
strong_confounding,200,7,DR,2.181232092277353,0.1824480459123893,2.3357517368281666,2.7174112497284395,False,2.0
strong_confounding,200,7,CrossFitDR,2.205342550094539,0.23179041192000974,2.47398907098505,2.737156563089603,False,2.0
strong_confounding,200,7,FlexibleDR,2.1338446755824902,0.2887988515137082,2.3407040389216736,2.8539878151523372,False,2.0
strong_confounding,200,8,Regression,1.700795561103539,0.163880915919438,1.4427131728479505,1.6775163096438637,False,2.0
strong_confounding,200,8,Matching,1.5940086358049042,0.22126398653472887,1.1147917529850997,1.3528673514801852,False,2.0
strong_confounding,200,8,IPW,1.698643559863263,0.8087881636673201,1.5342353085008498,1.572911979001016,False,2.0
strong_confounding,200,8,DR,1.7032880782814557,0.1552061636748736,1.3846793554731598,1.8682587756532234,False,2.0
strong_confounding,200,8,CrossFitDR,1.702070510791022,0.1633288345592948,1.3719313011277037,1.7959190956580355,False,2.0
strong_confounding,200,8,FlexibleDR,1.7357031676240178,0.22908541534155752,1.641799252357837,1.883818639156358,False,2.0
strong_confounding,200,9,Regression,1.8701620570467608,0.1774640348553092,1.9202201910512162,1.9714793661401244,False,2.0
strong_confounding,200,9,Matching,1.6566284407093974,0.22556674949672506,1.621272366238396,1.8190437100368244,False,2.0
strong_confounding,200,9,IPW,2.0738775023555167,0.6481647581845849,2.2758273061843677,2.3781417785361127,False,2.0
strong_confounding,200,9,DR,1.8340841866894297,0.17435352066856424,1.8656907303464343,1.9135390152403222,False,2.0
strong_confounding,200,9,CrossFitDR,1.8601109289551987,0.1843653070670919,1.8893931304249139,1.9224150805814424,False,2.0
strong_confounding,200,9,FlexibleDR,1.9364674690023127,0.2636276422658768,1.8469127701071837,2.3200451427276643,True,2.0
