dataset,seed,bootstrap_repeats,caliper,method,effect,ci_low,ci_high,ci_width,balance_after
lalonde,42,20,0.03,RegressionAdjustmentEstimator,1548.2438020003797,804.0844168323704,2816.6734228586993,2012.589006026329,0.5085763727684149
lalonde,42,20,0.03,IPWEstimator,232.42121949850025,-981.2645172946402,2781.8824037097065,3763.146921004347,0.14935561296631406
lalonde,42,20,0.03,DoublyRobustEstimator,798.718243476316,-616.7691365125402,2835.4675409499832,3452.2366774625234,0.15822617744353895
lalonde,42,20,0.03,PropensityMatcher,1052.1097784403669,-261.9805577182104,2950.2232980446665,3212.203855762877,0.0643519114997541
lalonde,42,20,0.05,RegressionAdjustmentEstimator,1548.2438020003797,804.0844168323704,2816.6734228586993,2012.589006026329,0.5085763727684149
lalonde,42,20,0.05,IPWEstimator,232.42121949850025,-981.2645172946402,2781.8824037097065,3763.146921004347,0.14935561296631406
lalonde,42,20,0.05,DoublyRobustEstimator,798.718243476316,-616.7691365125402,2835.4675409499832,3452.2366774625234,0.15822617744353895
lalonde,42,20,0.05,PropensityMatcher,1540.0712793577982,-279.35200894221964,2490.5729756434516,2769.924984585671,0.07344052274257647
lalonde,42,20,0.1,RegressionAdjustmentEstimator,1548.2438020003797,804.0844168323704,2816.6734228586993,2012.589006026329,0.5085763727684149
lalonde,42,20,0.1,IPWEstimator,232.42121949850025,-981.2645172946402,2781.8824037097065,3763.146921004347,0.14935561296631406
lalonde,42,20,0.1,DoublyRobustEstimator,798.718243476316,-616.7691365125402,2835.4675409499832,3452.2366774625234,0.15822617744353895
lalonde,42,20,0.1,PropensityMatcher,1175.4190555045873,173.0712332444553,2701.7405970104633,2528.669363766008,0.084651858788
nhefs,42,20,0.01,RegressionAdjustmentEstimator,3.3341674140824518,2.2393722320170943,3.9295822307617794,1.690209998744685,0.1521322101281169
nhefs,42,20,0.01,IPWEstimator,3.2634978711907743,2.1075065164087547,4.012893977499098,1.905387461090343,0.012853630864701801
nhefs,42,20,0.01,DoublyRobustEstimator,3.293647427944588,2.1395753349188826,4.040344599824692,1.9007692649058097,0.012853630864701768
nhefs,42,20,0.01,PropensityMatcher,3.103357800694088,2.3236340867007046,4.272902205609937,1.9492681189092327,0.029097592224732145
nhefs,42,20,0.02,RegressionAdjustmentEstimator,3.3341674140824518,2.2393722320170943,3.9295822307617794,1.690209998744685,0.1521322101281169
nhefs,42,20,0.02,IPWEstimator,3.2634978711907743,2.1075065164087547,4.012893977499098,1.905387461090343,0.012853630864701801
nhefs,42,20,0.02,DoublyRobustEstimator,3.293647427944588,2.1395753349188826,4.040344599824692,1.9007692649058097,0.012853630864701768
nhefs,42,20,0.02,PropensityMatcher,3.2117884332647817,2.367152375833192,4.260865857236429,1.8937134814032373,0.029879113398767032
nhefs,42,20,0.05,RegressionAdjustmentEstimator,3.3341674140824518,2.2393722320170943,3.9295822307617794,1.690209998744685,0.1521322101281169
nhefs,42,20,0.05,IPWEstimator,3.2634978711907743,2.1075065164087547,4.012893977499098,1.905387461090343,0.012853630864701801
nhefs,42,20,0.05,DoublyRobustEstimator,3.293647427944588,2.1395753349188826,4.040344599824692,1.9007692649058097,0.012853630864701768
nhefs,42,20,0.05,PropensityMatcher,3.179420589179487,2.421444826607986,4.238980971654398,1.8175361450464114,0.03034650732298481
synthetic,42,20,0.02,RegressionAdjustmentEstimator,1.9846249321644263,1.8106208186309347,2.252049054738436,0.44142823610750126,0.4101570945338573
synthetic,42,20,0.02,IPWEstimator,1.927137190707402,1.6693201986938224,2.124776098223165,0.4554558995293425,0.01574644379960979
synthetic,42,20,0.02,DoublyRobustEstimator,1.9354540855590772,1.7664989675210403,2.1591691630990386,0.3926701955779983,0.015746443799608996
synthetic,42,20,0.02,PropensityMatcher,1.7069487424995728,1.3834550221556374,2.2730039775353896,0.8895489553797522,0.05052043831836204
lalonde,42,40,0.03,RegressionAdjustmentEstimator,1548.2438020003797,732.9149785206106,2793.9567718025905,2061.04179328198,0.5085763727684149
lalonde,42,40,0.03,IPWEstimator,232.42121949850025,-1049.024756839392,2113.544459744995,3162.569216584387,0.14935561296631406
lalonde,42,40,0.03,DoublyRobustEstimator,798.718243476316,-1216.284453206035,2767.670044098302,3983.9544973043367,0.15822617744353895
lalonde,42,40,0.03,PropensityMatcher,1052.1097784403669,-253.1764091624804,2927.0657973693174,3180.242206531798,0.0643519114997541
lalonde,42,40,0.05,RegressionAdjustmentEstimator,1548.2438020003797,732.9149785206106,2793.9567718025905,2061.04179328198,0.5085763727684149
lalonde,42,40,0.05,IPWEstimator,232.42121949850025,-1049.024756839392,2113.544459744995,3162.569216584387,0.14935561296631406
lalonde,42,40,0.05,DoublyRobustEstimator,798.718243476316,-1216.284453206035,2767.670044098302,3983.9544973043367,0.15822617744353895
lalonde,42,40,0.05,PropensityMatcher,1540.0712793577982,-431.50825389908675,2513.3027385005125,2944.8109923995994,0.07344052274257647
lalonde,42,40,0.1,RegressionAdjustmentEstimator,1548.2438020003797,732.9149785206106,2793.9567718025905,2061.04179328198,0.5085763727684149
lalonde,42,40,0.1,IPWEstimator,232.42121949850025,-1049.024756839392,2113.544459744995,3162.569216584387,0.14935561296631406
lalonde,42,40,0.1,DoublyRobustEstimator,798.718243476316,-1216.284453206035,2767.670044098302,3983.9544973043367,0.15822617744353895
lalonde,42,40,0.1,PropensityMatcher,1175.4190555045873,219.82461327631688,2837.655120738207,2617.83050746189,0.084651858788
nhefs,42,40,0.01,RegressionAdjustmentEstimator,3.3341674140824518,2.4105180384704723,4.039789998781917,1.6292719603114443,0.1521322101281169
nhefs,42,40,0.01,IPWEstimator,3.2634978711907743,2.2675299803982543,4.030953194400356,1.7634232140021013,0.012853630864701801
nhefs,42,40,0.01,DoublyRobustEstimator,3.293647427944588,2.272829509323789,4.063876824081177,1.791047314757388,0.012853630864701768
nhefs,42,40,0.01,PropensityMatcher,3.103357800694088,2.3145442155886404,4.504278140963484,2.1897339253748433,0.029097592224732145
nhefs,42,40,0.02,RegressionAdjustmentEstimator,3.3341674140824518,2.4105180384704723,4.039789998781917,1.6292719603114443,0.1521322101281169
nhefs,42,40,0.02,IPWEstimator,3.2634978711907743,2.2675299803982543,4.030953194400356,1.7634232140021013,0.012853630864701801
nhefs,42,40,0.02,DoublyRobustEstimator,3.293647427944588,2.272829509323789,4.063876824081177,1.791047314757388,0.012853630864701768
nhefs,42,40,0.02,PropensityMatcher,3.2117884332647817,2.3742285805536807,4.4845266844878005,2.1102981039341198,0.029879113398767032
nhefs,42,40,0.05,RegressionAdjustmentEstimator,3.3341674140824518,2.4105180384704723,4.039789998781917,1.6292719603114443,0.1521322101281169
nhefs,42,40,0.05,IPWEstimator,3.2634978711907743,2.2675299803982543,4.030953194400356,1.7634232140021013,0.012853630864701801
nhefs,42,40,0.05,DoublyRobustEstimator,3.293647427944588,2.272829509323789,4.063876824081177,1.791047314757388,0.012853630864701768
nhefs,42,40,0.05,PropensityMatcher,3.179420589179487,2.4070861062286233,4.4392061707562505,2.032120064527627,0.03034650732298481
synthetic,42,40,0.02,RegressionAdjustmentEstimator,1.9846249321644263,1.8129097420209617,2.2165737503903644,0.40366400836940275,0.4101570945338573
synthetic,42,40,0.02,IPWEstimator,1.927137190707402,1.6280229341562469,2.2419127951190134,0.6138898609627665,0.01574644379960979
synthetic,42,40,0.02,DoublyRobustEstimator,1.9354540855590772,1.749281772940109,2.167159281205868,0.4178775082657593,0.015746443799608996
synthetic,42,40,0.02,PropensityMatcher,1.7069487424995728,1.4216908352856885,2.403379309908603,0.9816884746229144,0.05052043831836204
lalonde,42,80,0.03,RegressionAdjustmentEstimator,1548.2438020003797,595.2727832204081,2994.5866080123164,2399.3138247919082,0.5085763727684149
lalonde,42,80,0.03,IPWEstimator,232.42121949850025,-1109.270054855065,2081.846318915517,3191.116373770582,0.14935561296631406
lalonde,42,80,0.03,DoublyRobustEstimator,798.718243476316,-1281.6628564132868,3175.0205989321744,4456.683455345461,0.15822617744353895
lalonde,42,80,0.03,PropensityMatcher,1052.1097784403669,-270.39669115655346,3052.3311418434055,3322.727832999959,0.0643519114997541
lalonde,42,80,0.05,RegressionAdjustmentEstimator,1548.2438020003797,595.2727832204081,2994.5866080123164,2399.3138247919082,0.5085763727684149
lalonde,42,80,0.05,IPWEstimator,232.42121949850025,-1109.270054855065,2081.846318915517,3191.116373770582,0.14935561296631406
lalonde,42,80,0.05,DoublyRobustEstimator,798.718243476316,-1281.6628564132868,3175.0205989321744,4456.683455345461,0.15822617744353895
lalonde,42,80,0.05,PropensityMatcher,1540.0712793577982,-428.1909903184891,3311.2871571643304,3739.4781474828196,0.07344052274257647
lalonde,42,80,0.1,RegressionAdjustmentEstimator,1548.2438020003797,595.2727832204081,2994.5866080123164,2399.3138247919082,0.5085763727684149
lalonde,42,80,0.1,IPWEstimator,232.42121949850025,-1109.270054855065,2081.846318915517,3191.116373770582,0.14935561296631406
lalonde,42,80,0.1,DoublyRobustEstimator,798.718243476316,-1281.6628564132868,3175.0205989321744,4456.683455345461,0.15822617744353895
lalonde,42,80,0.1,PropensityMatcher,1175.4190555045873,132.21505529863407,3361.3171537846056,3229.1020984859715,0.084651858788
nhefs,42,80,0.01,RegressionAdjustmentEstimator,3.3341674140824518,2.4179561257013953,4.039789998781917,1.6218338730805213,0.1521322101281169
nhefs,42,80,0.01,IPWEstimator,3.2634978711907743,2.291231921044224,4.064400677075504,1.7731687560312803,0.012853630864701801
nhefs,42,80,0.01,DoublyRobustEstimator,3.293647427944588,2.3591809064951508,4.222624843995426,1.8634439375002754,0.012853630864701768
nhefs,42,80,0.01,PropensityMatcher,3.103357800694088,2.276295291171371,4.467809791213345,2.1915145000419742,0.029097592224732145
nhefs,42,80,0.02,RegressionAdjustmentEstimator,3.3341674140824518,2.4179561257013953,4.039789998781917,1.6218338730805213,0.1521322101281169
nhefs,42,80,0.02,IPWEstimator,3.2634978711907743,2.291231921044224,4.064400677075504,1.7731687560312803,0.012853630864701801
nhefs,42,80,0.02,DoublyRobustEstimator,3.293647427944588,2.3591809064951508,4.222624843995426,1.8634439375002754,0.012853630864701768
nhefs,42,80,0.02,PropensityMatcher,3.2117884332647817,2.3742285805536807,4.473784431960107,2.0995558514064263,0.029879113398767032
nhefs,42,80,0.05,RegressionAdjustmentEstimator,3.3341674140824518,2.4179561257013953,4.039789998781917,1.6218338730805213,0.1521322101281169
nhefs,42,80,0.05,IPWEstimator,3.2634978711907743,2.291231921044224,4.064400677075504,1.7731687560312803,0.012853630864701801
nhefs,42,80,0.05,DoublyRobustEstimator,3.293647427944588,2.3591809064951508,4.222624843995426,1.8634439375002754,0.012853630864701768
nhefs,42,80,0.05,PropensityMatcher,3.179420589179487,2.4070861062286233,4.397705532907901,1.9906194266792778,0.03034650732298481
synthetic,42,80,0.02,RegressionAdjustmentEstimator,1.9846249321644263,1.8129097420209617,2.2080160837761538,0.3951063417551921,0.4101570945338573
synthetic,42,80,0.02,IPWEstimator,1.927137190707402,1.6280229341562469,2.2419127951190134,0.6138898609627665,0.01574644379960979
synthetic,42,80,0.02,DoublyRobustEstimator,1.9354540855590772,1.749281772940109,2.151278420352372,0.40199664741226315,0.015746443799608996
synthetic,42,80,0.02,PropensityMatcher,1.7069487424995728,1.286157034343809,2.403379309908603,1.117222275564794,0.05052043831836204
lalonde,123,20,0.03,RegressionAdjustmentEstimator,1548.2438020003797,404.733035246127,2432.2752339569565,2027.5421987108296,0.5085763727684149
lalonde,123,20,0.03,IPWEstimator,232.42121949850025,-1379.9017662814765,1832.5270752540782,3212.428841535555,0.14935561296631406
lalonde,123,20,0.03,DoublyRobustEstimator,798.718243476316,-1738.7067034616985,2759.206570090891,4497.913273552589,0.15822617744353895
lalonde,123,20,0.03,PropensityMatcher,1052.1097784403669,-733.7644406404545,2809.083188038068,3542.8476286785226,0.0643519114997541
lalonde,123,20,0.05,RegressionAdjustmentEstimator,1548.2438020003797,404.733035246127,2432.2752339569565,2027.5421987108296,0.5085763727684149
lalonde,123,20,0.05,IPWEstimator,232.42121949850025,-1379.9017662814765,1832.5270752540782,3212.428841535555,0.14935561296631406
lalonde,123,20,0.05,DoublyRobustEstimator,798.718243476316,-1738.7067034616985,2759.206570090891,4497.913273552589,0.15822617744353895
lalonde,123,20,0.05,PropensityMatcher,1540.0712793577982,-728.7342392874228,2740.903524488525,3469.637763775948,0.07344052274257647
lalonde,123,20,0.1,RegressionAdjustmentEstimator,1548.2438020003797,404.733035246127,2432.2752339569565,2027.5421987108296,0.5085763727684149
lalonde,123,20,0.1,IPWEstimator,232.42121949850025,-1379.9017662814765,1832.5270752540782,3212.428841535555,0.14935561296631406
lalonde,123,20,0.1,DoublyRobustEstimator,798.718243476316,-1738.7067034616985,2759.206570090891,4497.913273552589,0.15822617744353895
lalonde,123,20,0.1,PropensityMatcher,1175.4190555045873,-753.6552218204371,2802.783733971942,3556.438955792379,0.084651858788
nhefs,123,20,0.01,RegressionAdjustmentEstimator,3.3341674140824518,2.665043551139155,3.982525022047301,1.3174814709081462,0.1521322101281169
nhefs,123,20,0.01,IPWEstimator,3.2634978711907743,2.830613962071335,3.9652667627799287,1.1346528007085936,0.012853630864701801
nhefs,123,20,0.01,DoublyRobustEstimator,3.293647427944588,2.8282808604946736,4.035765960396147,1.2074850999014735,0.012853630864701768
nhefs,123,20,0.01,PropensityMatcher,3.103357800694088,2.154742982942487,4.210157720459501,2.0554147375170135,0.029097592224732145
nhefs,123,20,0.02,RegressionAdjustmentEstimator,3.3341674140824518,2.665043551139155,3.982525022047301,1.3174814709081462,0.1521322101281169
nhefs,123,20,0.02,IPWEstimator,3.2634978711907743,2.830613962071335,3.9652667627799287,1.1346528007085936,0.012853630864701801
nhefs,123,20,0.02,DoublyRobustEstimator,3.293647427944588,2.8282808604946736,4.035765960396147,1.2074850999014735,0.012853630864701768
nhefs,123,20,0.02,PropensityMatcher,3.2117884332647817,2.1570615107208138,4.264437705547579,2.107376194826765,0.029879113398767032
nhefs,123,20,0.05,RegressionAdjustmentEstimator,3.3341674140824518,2.665043551139155,3.982525022047301,1.3174814709081462,0.1521322101281169
nhefs,123,20,0.05,IPWEstimator,3.2634978711907743,2.830613962071335,3.9652667627799287,1.1346528007085936,0.012853630864701801
nhefs,123,20,0.05,DoublyRobustEstimator,3.293647427944588,2.8282808604946736,4.035765960396147,1.2074850999014735,0.012853630864701768
nhefs,123,20,0.05,PropensityMatcher,3.179420589179487,2.263509167060891,4.2196807435513985,1.9561715764905077,0.03034650732298481
synthetic,123,20,0.02,RegressionAdjustmentEstimator,1.9846249321644263,1.812362989875016,2.0973597093431855,0.2849967194681695,0.4101570945338573
synthetic,123,20,0.02,IPWEstimator,1.927137190707402,1.7616845076526535,2.2131465459283803,0.45146203827572684,0.01574644379960979
synthetic,123,20,0.02,DoublyRobustEstimator,1.9354540855590772,1.7843213988194044,2.055503916126405,0.2711825173070004,0.015746443799608996
synthetic,123,20,0.02,PropensityMatcher,1.7069487424995728,1.1427157463439284,2.295361899494151,1.1526461531502226,0.05052043831836204
lalonde,123,40,0.03,RegressionAdjustmentEstimator,1548.2438020003797,276.7031925145765,3394.0588555689446,3117.355663054368,0.5085763727684149
lalonde,123,40,0.03,IPWEstimator,232.42121949850025,-1399.5408298727493,1742.4866874588542,3142.0275173316036,0.14935561296631406
lalonde,123,40,0.03,DoublyRobustEstimator,798.718243476316,-1772.4207963875783,2519.0598538602103,4291.480650247789,0.15822617744353895
lalonde,123,40,0.03,PropensityMatcher,1052.1097784403669,-1119.022335253611,3271.388010725238,4390.410345978849,0.0643519114997541
lalonde,123,40,0.05,RegressionAdjustmentEstimator,1548.2438020003797,276.7031925145765,3394.0588555689446,3117.355663054368,0.5085763727684149
lalonde,123,40,0.05,IPWEstimator,232.42121949850025,-1399.5408298727493,1742.4866874588542,3142.0275173316036,0.14935561296631406
lalonde,123,40,0.05,DoublyRobustEstimator,798.718243476316,-1772.4207963875783,2519.0598538602103,4291.480650247789,0.15822617744353895
lalonde,123,40,0.05,PropensityMatcher,1540.0712793577982,-836.139273903632,3205.266091684421,4041.405365588053,0.07344052274257647
lalonde,123,40,0.1,RegressionAdjustmentEstimator,1548.2438020003797,276.7031925145765,3394.0588555689446,3117.355663054368,0.5085763727684149
lalonde,123,40,0.1,IPWEstimator,232.42121949850025,-1399.5408298727493,1742.4866874588542,3142.0275173316036,0.14935561296631406
lalonde,123,40,0.1,DoublyRobustEstimator,798.718243476316,-1772.4207963875783,2519.0598538602103,4291.480650247789,0.15822617744353895
lalonde,123,40,0.1,PropensityMatcher,1175.4190555045873,-846.3025091130698,2845.992731336957,3692.295240450027,0.084651858788
nhefs,123,40,0.01,RegressionAdjustmentEstimator,3.3341674140824518,2.643209267878374,4.037387202680484,1.39417793480211,0.1521322101281169
nhefs,123,40,0.01,IPWEstimator,3.2634978711907743,2.607835580762442,4.042480656533106,1.4346450757706646,0.012853630864701801
nhefs,123,40,0.01,DoublyRobustEstimator,3.293647427944588,2.616251217054478,4.145946280767818,1.5296950637133402,0.012853630864701768
nhefs,123,40,0.01,PropensityMatcher,3.103357800694088,2.178335178485983,4.383775019858624,2.205439841372641,0.029097592224732145
nhefs,123,40,0.02,RegressionAdjustmentEstimator,3.3341674140824518,2.643209267878374,4.037387202680484,1.39417793480211,0.1521322101281169
nhefs,123,40,0.02,IPWEstimator,3.2634978711907743,2.607835580762442,4.042480656533106,1.4346450757706646,0.012853630864701801
nhefs,123,40,0.02,DoublyRobustEstimator,3.293647427944588,2.616251217054478,4.145946280767818,1.5296950637133402,0.012853630864701768
nhefs,123,40,0.02,PropensityMatcher,3.2117884332647817,2.1611078229986727,4.375889065475833,2.21478124247716,0.029879113398767032
nhefs,123,40,0.05,RegressionAdjustmentEstimator,3.3341674140824518,2.643209267878374,4.037387202680484,1.39417793480211,0.1521322101281169
nhefs,123,40,0.05,IPWEstimator,3.2634978711907743,2.607835580762442,4.042480656533106,1.4346450757706646,0.012853630864701801
nhefs,123,40,0.05,DoublyRobustEstimator,3.293647427944588,2.616251217054478,4.145946280767818,1.5296950637133402,0.012853630864701768
nhefs,123,40,0.05,PropensityMatcher,3.179420589179487,2.2669887331142653,4.454806218108549,2.1878174849942833,0.03034650732298481
synthetic,123,40,0.02,RegressionAdjustmentEstimator,1.9846249321644263,1.767987487178775,2.1138369224157145,0.34584943523693945,0.4101570945338573
synthetic,123,40,0.02,IPWEstimator,1.927137190707402,1.6188321472611247,2.2231416679291116,0.6043095206679869,0.01574644379960979
synthetic,123,40,0.02,DoublyRobustEstimator,1.9354540855590772,1.6988567395201193,2.0969816652379625,0.3981249257178432,0.015746443799608996
synthetic,123,40,0.02,PropensityMatcher,1.7069487424995728,1.0792907226443225,2.3699760591680605,1.290685336523738,0.05052043831836204
lalonde,123,80,0.03,RegressionAdjustmentEstimator,1548.2438020003797,-174.1052709764314,2692.247317157925,2866.352588134356,0.5085763727684149
lalonde,123,80,0.03,IPWEstimator,232.42121949850025,-1786.5599270940818,1735.96839326651,3522.528320360592,0.14935561296631406
lalonde,123,80,0.03,DoublyRobustEstimator,798.718243476316,-1984.3623873087874,2536.087449842313,4520.449837151101,0.15822617744353895
lalonde,123,80,0.03,PropensityMatcher,1052.1097784403669,-1119.022335253611,2937.053586507006,4056.075921760617,0.0643519114997541
lalonde,123,80,0.05,RegressionAdjustmentEstimator,1548.2438020003797,-174.1052709764314,2692.247317157925,2866.352588134356,0.5085763727684149
lalonde,123,80,0.05,IPWEstimator,232.42121949850025,-1786.5599270940818,1735.96839326651,3522.528320360592,0.14935561296631406
lalonde,123,80,0.05,DoublyRobustEstimator,798.718243476316,-1984.3623873087874,2536.087449842313,4520.449837151101,0.15822617744353895
lalonde,123,80,0.05,PropensityMatcher,1540.0712793577982,-864.4856878193667,3029.2542046081226,3893.7398924274894,0.07344052274257647
lalonde,123,80,0.1,RegressionAdjustmentEstimator,1548.2438020003797,-174.1052709764314,2692.247317157925,2866.352588134356,0.5085763727684149
lalonde,123,80,0.1,IPWEstimator,232.42121949850025,-1786.5599270940818,1735.96839326651,3522.528320360592,0.14935561296631406
lalonde,123,80,0.1,DoublyRobustEstimator,798.718243476316,-1984.3623873087874,2536.087449842313,4520.449837151101,0.15822617744353895
lalonde,123,80,0.1,PropensityMatcher,1175.4190555045873,-1147.0212278873098,2712.7188782038565,3859.740106091166,0.084651858788
nhefs,123,80,0.01,RegressionAdjustmentEstimator,3.3341674140824518,2.643209267878374,4.150685042267369,1.5074757743889955,0.1521322101281169
nhefs,123,80,0.01,IPWEstimator,3.2634978711907743,2.470241295202558,4.055957939213919,1.5857166440113613,0.012853630864701801
nhefs,123,80,0.01,DoublyRobustEstimator,3.293647427944588,2.56577233815028,4.145946280767816,1.5801739426175354,0.012853630864701768
nhefs,123,80,0.01,PropensityMatcher,3.103357800694088,2.2577444378227205,4.485623984331863,2.227879546509142,0.029097592224732145
nhefs,123,80,0.02,RegressionAdjustmentEstimator,3.3341674140824518,2.643209267878374,4.150685042267369,1.5074757743889955,0.1521322101281169
nhefs,123,80,0.02,IPWEstimator,3.2634978711907743,2.470241295202558,4.055957939213919,1.5857166440113613,0.012853630864701801
nhefs,123,80,0.02,DoublyRobustEstimator,3.293647427944588,2.56577233815028,4.145946280767816,1.5801739426175354,0.012853630864701768
nhefs,123,80,0.02,PropensityMatcher,3.2117884332647817,2.3103893412773298,4.445241621127034,2.134852279849704,0.029879113398767032
nhefs,123,80,0.05,RegressionAdjustmentEstimator,3.3341674140824518,2.643209267878374,4.150685042267369,1.5074757743889955,0.1521322101281169
nhefs,123,80,0.05,IPWEstimator,3.2634978711907743,2.470241295202558,4.055957939213919,1.5857166440113613,0.012853630864701801
nhefs,123,80,0.05,DoublyRobustEstimator,3.293647427944588,2.56577233815028,4.145946280767816,1.5801739426175354,0.012853630864701768
nhefs,123,80,0.05,PropensityMatcher,3.179420589179487,2.273347960801559,4.454806218108548,2.1814582573069887,0.03034650732298481
synthetic,123,80,0.02,RegressionAdjustmentEstimator,1.9846249321644263,1.770038864407706,2.15605064216166,0.3860117777539538,0.4101570945338573
synthetic,123,80,0.02,IPWEstimator,1.927137190707402,1.6188321472611247,2.2231416679291107,0.604309520667986,0.01574644379960979
synthetic,123,80,0.02,DoublyRobustEstimator,1.9354540855590772,1.7121519276522166,2.1292322420074976,0.41708031435528103,0.015746443799608996
synthetic,123,80,0.02,PropensityMatcher,1.7069487424995728,1.1280090385215502,2.3616638931060017,1.2336548545844515,0.05052043831836204
lalonde,7,20,0.03,RegressionAdjustmentEstimator,1548.2438020003797,-115.85126248779588,2802.3092026004324,2918.160465088228,0.5085763727684149
lalonde,7,20,0.03,IPWEstimator,232.42121949850025,-1557.4694689498685,1674.0212958809705,3231.490764830839,0.14935561296631406
lalonde,7,20,0.03,DoublyRobustEstimator,798.718243476316,-1984.1872088475952,2270.435454700149,4254.622663547744,0.15822617744353895
lalonde,7,20,0.03,PropensityMatcher,1052.1097784403669,-1203.971593115227,2216.7539350600846,3420.7255281753114,0.0643519114997541
lalonde,7,20,0.05,RegressionAdjustmentEstimator,1548.2438020003797,-115.85126248779588,2802.3092026004324,2918.160465088228,0.5085763727684149
lalonde,7,20,0.05,IPWEstimator,232.42121949850025,-1557.4694689498685,1674.0212958809705,3231.490764830839,0.14935561296631406
lalonde,7,20,0.05,DoublyRobustEstimator,798.718243476316,-1984.1872088475952,2270.435454700149,4254.622663547744,0.15822617744353895
lalonde,7,20,0.05,PropensityMatcher,1540.0712793577982,-623.0908040625773,2365.489024582685,2988.5798286452623,0.07344052274257647
lalonde,7,20,0.1,RegressionAdjustmentEstimator,1548.2438020003797,-115.85126248779588,2802.3092026004324,2918.160465088228,0.5085763727684149
lalonde,7,20,0.1,IPWEstimator,232.42121949850025,-1557.4694689498685,1674.0212958809705,3231.490764830839,0.14935561296631406
lalonde,7,20,0.1,DoublyRobustEstimator,798.718243476316,-1984.1872088475952,2270.435454700149,4254.622663547744,0.15822617744353895
lalonde,7,20,0.1,PropensityMatcher,1175.4190555045873,-787.9463037040737,2257.4986209865915,3045.444924690665,0.084651858788
nhefs,7,20,0.01,RegressionAdjustmentEstimator,3.3341674140824518,2.7330716511238418,3.9664931751645427,1.233421524040701,0.1521322101281169
nhefs,7,20,0.01,IPWEstimator,3.2634978711907743,2.8037243732771304,3.8163246177473655,1.0126002444702351,0.012853630864701801
nhefs,7,20,0.01,DoublyRobustEstimator,3.293647427944588,2.8510207606862794,3.893199365215849,1.0421786045295698,0.012853630864701768
nhefs,7,20,0.01,PropensityMatcher,3.103357800694088,2.8376649843671378,4.350127894111094,1.5124629097439564,0.029097592224732145
nhefs,7,20,0.02,RegressionAdjustmentEstimator,3.3341674140824518,2.7330716511238418,3.9664931751645427,1.233421524040701,0.1521322101281169
nhefs,7,20,0.02,IPWEstimator,3.2634978711907743,2.8037243732771304,3.8163246177473655,1.0126002444702351,0.012853630864701801
nhefs,7,20,0.02,DoublyRobustEstimator,3.293647427944588,2.8510207606862794,3.893199365215849,1.0421786045295698,0.012853630864701768
nhefs,7,20,0.02,PropensityMatcher,3.2117884332647817,2.8437806887011603,4.402751287844737,1.5589705991435765,0.029879113398767032
nhefs,7,20,0.05,RegressionAdjustmentEstimator,3.3341674140824518,2.7330716511238418,3.9664931751645427,1.233421524040701,0.1521322101281169
nhefs,7,20,0.05,IPWEstimator,3.2634978711907743,2.8037243732771304,3.8163246177473655,1.0126002444702351,0.012853630864701801
nhefs,7,20,0.05,DoublyRobustEstimator,3.293647427944588,2.8510207606862794,3.893199365215849,1.0421786045295698,0.012853630864701768
nhefs,7,20,0.05,PropensityMatcher,3.179420589179487,2.8980820930113356,4.417628525034618,1.5195464320232825,0.03034650732298481
synthetic,7,20,0.02,RegressionAdjustmentEstimator,1.9846249321644263,1.8921263578335947,2.0912668259550586,0.1991404681214639,0.4101570945338573
synthetic,7,20,0.02,IPWEstimator,1.927137190707402,1.665250870441754,2.1814934726092714,0.5162426021675175,0.01574644379960979
synthetic,7,20,0.02,DoublyRobustEstimator,1.9354540855590772,1.8308319386901248,2.0796277023330942,0.2487957636429694,0.015746443799608996
synthetic,7,20,0.02,PropensityMatcher,1.7069487424995728,1.2118647304154162,2.3402698992458246,1.1284051688304084,0.05052043831836204
lalonde,7,40,0.03,RegressionAdjustmentEstimator,1548.2438020003797,50.28200941888935,2997.3887234388853,2947.106714019996,0.5085763727684149
lalonde,7,40,0.03,IPWEstimator,232.42121949850025,-1315.399233457845,2125.3041371494646,3440.70337060731,0.14935561296631406
lalonde,7,40,0.03,DoublyRobustEstimator,798.718243476316,-1865.7630308580653,2464.984925247387,4330.747956105452,0.15822617744353895
lalonde,7,40,0.03,PropensityMatcher,1052.1097784403669,-703.1668019803788,2832.9961417637182,3536.162943744097,0.0643519114997541
lalonde,7,40,0.05,RegressionAdjustmentEstimator,1548.2438020003797,50.28200941888935,2997.3887234388853,2947.106714019996,0.5085763727684149
lalonde,7,40,0.05,IPWEstimator,232.42121949850025,-1315.399233457845,2125.3041371494646,3440.70337060731,0.14935561296631406
lalonde,7,40,0.05,DoublyRobustEstimator,798.718243476316,-1865.7630308580653,2464.984925247387,4330.747956105452,0.15822617744353895
lalonde,7,40,0.05,PropensityMatcher,1540.0712793577982,-455.05891084280654,3123.296016976831,3578.354927819638,0.07344052274257647
lalonde,7,40,0.1,RegressionAdjustmentEstimator,1548.2438020003797,50.28200941888935,2997.3887234388853,2947.106714019996,0.5085763727684149
lalonde,7,40,0.1,IPWEstimator,232.42121949850025,-1315.399233457845,2125.3041371494646,3440.70337060731,0.14935561296631406
lalonde,7,40,0.1,DoublyRobustEstimator,798.718243476316,-1865.7630308580653,2464.984925247387,4330.747956105452,0.15822617744353895
lalonde,7,40,0.1,PropensityMatcher,1175.4190555045873,-580.7528551629073,3108.947036341666,3689.6998915045733,0.084651858788
nhefs,7,40,0.01,RegressionAdjustmentEstimator,3.3341674140824518,2.6981607129099823,4.087058602678246,1.3888978897682636,0.1521322101281169
nhefs,7,40,0.01,IPWEstimator,3.2634978711907743,2.6389948805004892,3.8990284924239593,1.26003361192347,0.012853630864701801
nhefs,7,40,0.01,DoublyRobustEstimator,3.293647427944588,2.8092340700268,3.9434627392130137,1.1342286691862138,0.012853630864701768
nhefs,7,40,0.01,PropensityMatcher,3.103357800694088,2.8209332696287657,4.394775914435686,1.5738426448069207,0.029097592224732145
nhefs,7,40,0.02,RegressionAdjustmentEstimator,3.3341674140824518,2.6981607129099823,4.087058602678246,1.3888978897682636,0.1521322101281169
nhefs,7,40,0.02,IPWEstimator,3.2634978711907743,2.6389948805004892,3.8990284924239593,1.26003361192347,0.012853630864701801
nhefs,7,40,0.02,DoublyRobustEstimator,3.293647427944588,2.8092340700268,3.9434627392130137,1.1342286691862138,0.012853630864701768
nhefs,7,40,0.02,PropensityMatcher,3.2117884332647817,2.814354995795166,4.511559253116457,1.6972042573212907,0.029879113398767032
nhefs,7,40,0.05,RegressionAdjustmentEstimator,3.3341674140824518,2.6981607129099823,4.087058602678246,1.3888978897682636,0.1521322101281169
nhefs,7,40,0.05,IPWEstimator,3.2634978711907743,2.6389948805004892,3.8990284924239593,1.26003361192347,0.012853630864701801
nhefs,7,40,0.05,DoublyRobustEstimator,3.293647427944588,2.8092340700268,3.9434627392130137,1.1342286691862138,0.012853630864701768
nhefs,7,40,0.05,PropensityMatcher,3.179420589179487,2.834600041773455,4.530765702431516,1.6961656606580613,0.03034650732298481
synthetic,7,40,0.02,RegressionAdjustmentEstimator,1.9846249321644263,1.831445755147576,2.095694452691645,0.264248697544069,0.4101570945338573
synthetic,7,40,0.02,IPWEstimator,1.927137190707402,1.62554210709026,2.214577835929637,0.5890357288393768,0.01574644379960979
synthetic,7,40,0.02,DoublyRobustEstimator,1.9354540855590772,1.7893779594475678,2.089043250094061,0.2996652906464934,0.015746443799608996
synthetic,7,40,0.02,PropensityMatcher,1.7069487424995728,1.0706299668384298,2.310710504235197,1.2400805373967672,0.05052043831836204
lalonde,7,80,0.03,RegressionAdjustmentEstimator,1548.2438020003797,-144.67697076806314,2833.232772858394,2977.9097436264574,0.5085763727684149
lalonde,7,80,0.03,IPWEstimator,232.42121949850025,-1389.59824896636,2031.6635485451961,3421.2617975115563,0.14935561296631406
lalonde,7,80,0.03,DoublyRobustEstimator,798.718243476316,-1855.2890305581584,2445.5043921192396,4300.793422677398,0.15822617744353895
lalonde,7,80,0.03,PropensityMatcher,1052.1097784403669,-679.4891252145705,3984.362848980559,4663.8519741951295,0.0643519114997541
lalonde,7,80,0.05,RegressionAdjustmentEstimator,1548.2438020003797,-144.67697076806314,2833.232772858394,2977.9097436264574,0.5085763727684149
lalonde,7,80,0.05,IPWEstimator,232.42121949850025,-1389.59824896636,2031.6635485451961,3421.2617975115563,0.14935561296631406
lalonde,7,80,0.05,DoublyRobustEstimator,798.718243476316,-1855.2890305581584,2445.5043921192396,4300.793422677398,0.15822617744353895
lalonde,7,80,0.05,PropensityMatcher,1540.0712793577982,-428.1434227353726,3323.6570334370854,3751.800456172458,0.07344052274257647
lalonde,7,80,0.1,RegressionAdjustmentEstimator,1548.2438020003797,-144.67697076806314,2833.232772858394,2977.9097436264574,0.5085763727684149
lalonde,7,80,0.1,IPWEstimator,232.42121949850025,-1389.59824896636,2031.6635485451961,3421.2617975115563,0.14935561296631406
lalonde,7,80,0.1,DoublyRobustEstimator,798.718243476316,-1855.2890305581584,2445.5043921192396,4300.793422677398,0.15822617744353895
lalonde,7,80,0.1,PropensityMatcher,1175.4190555045873,-189.8425696174616,3169.4770924077384,3359.3196620252,0.084651858788
nhefs,7,80,0.01,RegressionAdjustmentEstimator,3.3341674140824518,2.4937573491228155,4.49103358582549,1.9972762367026746,0.1521322101281169
nhefs,7,80,0.01,IPWEstimator,3.2634978711907743,2.3245020524723476,4.259837933723663,1.9353358812513153,0.012853630864701801
nhefs,7,80,0.01,DoublyRobustEstimator,3.293647427944588,2.4414136997386695,4.383667390312404,1.9422536905737342,0.012853630864701768
nhefs,7,80,0.01,PropensityMatcher,3.103357800694088,2.3348501361652696,4.851517483388663,2.516667347223393,0.029097592224732145
nhefs,7,80,0.02,RegressionAdjustmentEstimator,3.3341674140824518,2.4937573491228155,4.49103358582549,1.9972762367026746,0.1521322101281169
nhefs,7,80,0.02,IPWEstimator,3.2634978711907743,2.3245020524723476,4.259837933723663,1.9353358812513153,0.012853630864701801
nhefs,7,80,0.02,DoublyRobustEstimator,3.293647427944588,2.4414136997386695,4.383667390312404,1.9422536905737342,0.012853630864701768
nhefs,7,80,0.02,PropensityMatcher,3.2117884332647817,2.3484143046611403,4.842846018118888,2.494431713457748,0.029879113398767032
nhefs,7,80,0.05,RegressionAdjustmentEstimator,3.3341674140824518,2.4937573491228155,4.49103358582549,1.9972762367026746,0.1521322101281169
nhefs,7,80,0.05,IPWEstimator,3.2634978711907743,2.3245020524723476,4.259837933723663,1.9353358812513153,0.012853630864701801
nhefs,7,80,0.05,DoublyRobustEstimator,3.293647427944588,2.4414136997386695,4.383667390312404,1.9422536905737342,0.012853630864701768
nhefs,7,80,0.05,PropensityMatcher,3.179420589179487,2.3618783921056674,4.825847477289384,2.463969085183716,0.03034650732298481
synthetic,7,80,0.02,RegressionAdjustmentEstimator,1.9846249321644263,1.8227490017330537,2.095694452691645,0.27294545095859135,0.4101570945338573
synthetic,7,80,0.02,IPWEstimator,1.927137190707402,1.6281064900097433,2.2145778359296364,0.5864713459198931,0.01574644379960979
synthetic,7,80,0.02,DoublyRobustEstimator,1.9354540855590772,1.766972581252006,2.0941294351678224,0.3271568539158163,0.015746443799608996
synthetic,7,80,0.02,PropensityMatcher,1.7069487424995728,1.2017371025020145,2.2617660925978575,1.060028990095843,0.05052043831836204
lalonde,2024,20,0.03,RegressionAdjustmentEstimator,1548.2438020003797,-380.24412763561395,3195.811467633616,3576.05559526923,0.5085763727684149
lalonde,2024,20,0.03,IPWEstimator,232.42121949850025,-1312.818764882128,1739.044223698406,3051.862988580534,0.14935561296631406
lalonde,2024,20,0.03,DoublyRobustEstimator,798.718243476316,-1513.9392592114928,2405.032452787045,3918.9717119985376,0.15822617744353895
lalonde,2024,20,0.03,PropensityMatcher,1052.1097784403669,-1328.5709194336175,2926.5374155720588,4255.108335005676,0.0643519114997541
lalonde,2024,20,0.05,RegressionAdjustmentEstimator,1548.2438020003797,-380.24412763561395,3195.811467633616,3576.05559526923,0.5085763727684149
lalonde,2024,20,0.05,IPWEstimator,232.42121949850025,-1312.818764882128,1739.044223698406,3051.862988580534,0.14935561296631406
lalonde,2024,20,0.05,DoublyRobustEstimator,798.718243476316,-1513.9392592114928,2405.032452787045,3918.9717119985376,0.15822617744353895
lalonde,2024,20,0.05,PropensityMatcher,1540.0712793577982,-1310.4411879508825,3321.6912797622067,4632.132467713089,0.07344052274257647
lalonde,2024,20,0.1,RegressionAdjustmentEstimator,1548.2438020003797,-380.24412763561395,3195.811467633616,3576.05559526923,0.5085763727684149
lalonde,2024,20,0.1,IPWEstimator,232.42121949850025,-1312.818764882128,1739.044223698406,3051.862988580534,0.14935561296631406
lalonde,2024,20,0.1,DoublyRobustEstimator,798.718243476316,-1513.9392592114928,2405.032452787045,3918.9717119985376,0.15822617744353895
lalonde,2024,20,0.1,PropensityMatcher,1175.4190555045873,-1262.5474833744117,2936.9062993564303,4199.453782730842,0.084651858788
nhefs,2024,20,0.01,RegressionAdjustmentEstimator,3.3341674140824518,2.53387165673548,3.962856091434812,1.428984434699332,0.1521322101281169
nhefs,2024,20,0.01,IPWEstimator,3.2634978711907743,2.2853585422305747,3.8940871809740907,1.608728638743516,0.012853630864701801
nhefs,2024,20,0.01,DoublyRobustEstimator,3.293647427944588,2.330814609837217,3.932044989661805,1.601230379824588,0.012853630864701768
nhefs,2024,20,0.01,PropensityMatcher,3.103357800694088,2.650919551528666,3.9624221435836304,1.3115025920549646,0.029097592224732145
nhefs,2024,20,0.02,RegressionAdjustmentEstimator,3.3341674140824518,2.53387165673548,3.962856091434812,1.428984434699332,0.1521322101281169
nhefs,2024,20,0.02,IPWEstimator,3.2634978711907743,2.2853585422305747,3.8940871809740907,1.608728638743516,0.012853630864701801
nhefs,2024,20,0.02,DoublyRobustEstimator,3.293647427944588,2.330814609837217,3.932044989661805,1.601230379824588,0.012853630864701768
nhefs,2024,20,0.02,PropensityMatcher,3.2117884332647817,2.721675019398161,3.9758433558317914,1.2541683364336302,0.029879113398767032
nhefs,2024,20,0.05,RegressionAdjustmentEstimator,3.3341674140824518,2.53387165673548,3.962856091434812,1.428984434699332,0.1521322101281169
nhefs,2024,20,0.05,IPWEstimator,3.2634978711907743,2.2853585422305747,3.8940871809740907,1.608728638743516,0.012853630864701801
nhefs,2024,20,0.05,DoublyRobustEstimator,3.293647427944588,2.330814609837217,3.932044989661805,1.601230379824588,0.012853630864701768
nhefs,2024,20,0.05,PropensityMatcher,3.179420589179487,2.7332149415369775,3.9854394236925157,1.2522244821555382,0.03034650732298481
synthetic,2024,20,0.02,RegressionAdjustmentEstimator,1.9846249321644263,1.7877909565635608,2.1166089218091257,0.32881796524556495,0.4101570945338573
synthetic,2024,20,0.02,IPWEstimator,1.927137190707402,1.7060742216361469,2.2536625905634455,0.5475883689272987,0.01574644379960979
synthetic,2024,20,0.02,DoublyRobustEstimator,1.9354540855590772,1.7366490775512418,2.0492255264274006,0.3125764488761589,0.015746443799608996
synthetic,2024,20,0.02,PropensityMatcher,1.7069487424995728,1.3157596266788167,2.102863224346057,0.7871035976672403,0.05052043831836204
lalonde,2024,40,0.03,RegressionAdjustmentEstimator,1548.2438020003797,21.702529770213577,2828.0501166332156,2806.347586863002,0.5085763727684149
lalonde,2024,40,0.03,IPWEstimator,232.42121949850025,-1309.5614781373922,1657.4609205249633,2967.0223986623555,0.14935561296631406
lalonde,2024,40,0.03,DoublyRobustEstimator,798.718243476316,-1708.2200440706124,2536.9973834392754,4245.217427509888,0.15822617744353895
lalonde,2024,40,0.03,PropensityMatcher,1052.1097784403669,-593.1547959833332,2925.619542696413,3518.7743386797465,0.0643519114997541
lalonde,2024,40,0.05,RegressionAdjustmentEstimator,1548.2438020003797,21.702529770213577,2828.0501166332156,2806.347586863002,0.5085763727684149
lalonde,2024,40,0.05,IPWEstimator,232.42121949850025,-1309.5614781373922,1657.4609205249633,2967.0223986623555,0.14935561296631406
lalonde,2024,40,0.05,DoublyRobustEstimator,798.718243476316,-1708.2200440706124,2536.9973834392754,4245.217427509888,0.15822617744353895
lalonde,2024,40,0.05,PropensityMatcher,1540.0712793577982,-565.1563439968587,2860.365677214776,3425.5220212116346,0.07344052274257647
lalonde,2024,40,0.1,RegressionAdjustmentEstimator,1548.2438020003797,21.702529770213577,2828.0501166332156,2806.347586863002,0.5085763727684149
lalonde,2024,40,0.1,IPWEstimator,232.42121949850025,-1309.5614781373922,1657.4609205249633,2967.0223986623555,0.14935561296631406
lalonde,2024,40,0.1,DoublyRobustEstimator,798.718243476316,-1708.2200440706124,2536.9973834392754,4245.217427509888,0.15822617744353895
lalonde,2024,40,0.1,PropensityMatcher,1175.4190555045873,-770.8638938241515,3163.208339252671,3934.0722330768226,0.084651858788
nhefs,2024,40,0.01,RegressionAdjustmentEstimator,3.3341674140824518,2.740794078478669,3.9956131970198117,1.2548191185411426,0.1521322101281169
nhefs,2024,40,0.01,IPWEstimator,3.2634978711907743,2.5243222378542622,3.9702757069973282,1.445953469143066,0.012853630864701801
nhefs,2024,40,0.01,DoublyRobustEstimator,3.293647427944588,2.633411669531021,4.1618335066123056,1.5284218370812845,0.012853630864701768
nhefs,2024,40,0.01,PropensityMatcher,3.103357800694088,2.6248279915733432,3.9903955596794733,1.3655675681061301,0.029097592224732145
nhefs,2024,40,0.02,RegressionAdjustmentEstimator,3.3341674140824518,2.740794078478669,3.9956131970198117,1.2548191185411426,0.1521322101281169
nhefs,2024,40,0.02,IPWEstimator,3.2634978711907743,2.5243222378542622,3.9702757069973282,1.445953469143066,0.012853630864701801
nhefs,2024,40,0.02,DoublyRobustEstimator,3.293647427944588,2.633411669531021,4.1618335066123056,1.5284218370812845,0.012853630864701768
nhefs,2024,40,0.02,PropensityMatcher,3.2117884332647817,2.6782385791123384,4.017034707669461,1.3387961285571222,0.029879113398767032
nhefs,2024,40,0.05,RegressionAdjustmentEstimator,3.3341674140824518,2.740794078478669,3.9956131970198117,1.2548191185411426,0.1521322101281169
nhefs,2024,40,0.05,IPWEstimator,3.2634978711907743,2.5243222378542622,3.9702757069973282,1.445953469143066,0.012853630864701801
nhefs,2024,40,0.05,DoublyRobustEstimator,3.293647427944588,2.633411669531021,4.1618335066123056,1.5284218370812845,0.012853630864701768
nhefs,2024,40,0.05,PropensityMatcher,3.179420589179487,2.7075838227235693,3.986663210230411,1.2790793875068416,0.03034650732298481
synthetic,2024,40,0.02,RegressionAdjustmentEstimator,1.9846249321644263,1.7971108021586075,2.12188703179401,0.32477622963540265,0.4101570945338573
synthetic,2024,40,0.02,IPWEstimator,1.927137190707402,1.689874196807135,2.218594144606037,0.528719947798902,0.01574644379960979
synthetic,2024,40,0.02,DoublyRobustEstimator,1.9354540855590772,1.6944648194593157,2.1405543290379545,0.4460895095786388,0.015746443799608996
synthetic,2024,40,0.02,PropensityMatcher,1.7069487424995728,1.3606601038207233,2.2338916191179625,0.8732315152972392,0.05052043831836204
lalonde,2024,80,0.03,RegressionAdjustmentEstimator,1548.2438020003797,46.32327907524232,3223.502728853096,3177.1794497778537,0.5085763727684149
lalonde,2024,80,0.03,IPWEstimator,232.42121949850025,-1309.5614781373922,1845.9775991825152,3155.5390773199074,0.14935561296631406
lalonde,2024,80,0.03,DoublyRobustEstimator,798.718243476316,-1440.5577841080108,2536.9973834392754,3977.555167547286,0.15822617744353895
lalonde,2024,80,0.03,PropensityMatcher,1052.1097784403669,-553.9389627836174,2925.619542696413,3479.5585054800304,0.0643519114997541
lalonde,2024,80,0.05,RegressionAdjustmentEstimator,1548.2438020003797,46.32327907524232,3223.502728853096,3177.1794497778537,0.5085763727684149
lalonde,2024,80,0.05,IPWEstimator,232.42121949850025,-1309.5614781373922,1845.9775991825152,3155.5390773199074,0.14935561296631406
lalonde,2024,80,0.05,DoublyRobustEstimator,798.718243476316,-1440.5577841080108,2536.9973834392754,3977.555167547286,0.15822617744353895
lalonde,2024,80,0.05,PropensityMatcher,1540.0712793577982,-532.5324993410068,2560.953289985302,3093.485789326309,0.07344052274257647
lalonde,2024,80,0.1,RegressionAdjustmentEstimator,1548.2438020003797,46.32327907524232,3223.502728853096,3177.1794497778537,0.5085763727684149
lalonde,2024,80,0.1,IPWEstimator,232.42121949850025,-1309.5614781373922,1845.9775991825152,3155.5390773199074,0.14935561296631406
lalonde,2024,80,0.1,DoublyRobustEstimator,798.718243476316,-1440.5577841080108,2536.9973834392754,3977.555167547286,0.15822617744353895
lalonde,2024,80,0.1,PropensityMatcher,1175.4190555045873,-662.5431230298449,2786.399232414674,3448.942355444519,0.084651858788
nhefs,2024,80,0.01,RegressionAdjustmentEstimator,3.3341674140824518,2.752096105645271,3.995613197019811,1.2435170913745401,0.1521322101281169
nhefs,2024,80,0.01,IPWEstimator,3.2634978711907743,2.5398586221565815,3.9702757069973273,1.4304170848407458,0.012853630864701801
nhefs,2024,80,0.01,DoublyRobustEstimator,3.293647427944588,2.627908222990212,4.1618335066123056,1.5339252836220933,0.012853630864701768
nhefs,2024,80,0.01,PropensityMatcher,3.103357800694088,2.5508367051977054,4.312597715538233,1.761761010340528,0.029097592224732145
nhefs,2024,80,0.02,RegressionAdjustmentEstimator,3.3341674140824518,2.752096105645271,3.995613197019811,1.2435170913745401,0.1521322101281169
nhefs,2024,80,0.02,IPWEstimator,3.2634978711907743,2.5398586221565815,3.9702757069973273,1.4304170848407458,0.012853630864701801
nhefs,2024,80,0.02,DoublyRobustEstimator,3.293647427944588,2.627908222990212,4.1618335066123056,1.5339252836220933,0.012853630864701768
nhefs,2024,80,0.02,PropensityMatcher,3.2117884332647817,2.561748762753051,4.3728219008025055,1.8110731380494545,0.029879113398767032
nhefs,2024,80,0.05,RegressionAdjustmentEstimator,3.3341674140824518,2.752096105645271,3.995613197019811,1.2435170913745401,0.1521322101281169
nhefs,2024,80,0.05,IPWEstimator,3.2634978711907743,2.5398586221565815,3.9702757069973273,1.4304170848407458,0.012853630864701801
nhefs,2024,80,0.05,DoublyRobustEstimator,3.293647427944588,2.627908222990212,4.1618335066123056,1.5339252836220933,0.012853630864701768
nhefs,2024,80,0.05,PropensityMatcher,3.179420589179487,2.572799773422155,4.432606229744174,1.8598064563220187,0.03034650732298481
synthetic,2024,80,0.02,RegressionAdjustmentEstimator,1.9846249321644263,1.8488438749888543,2.1398269450710874,0.2909830700822331,0.4101570945338573
synthetic,2024,80,0.02,IPWEstimator,1.927137190707402,1.6729739389206597,2.226671679446801,0.5536977405261414,0.01574644379960979
synthetic,2024,80,0.02,DoublyRobustEstimator,1.9354540855590772,1.7983050237622045,2.0971009861251004,0.29879596236289596,0.015746443799608996
synthetic,2024,80,0.02,PropensityMatcher,1.7069487424995728,1.309553425773953,2.2953658479329158,0.9858124221589628,0.05052043831836204
lalonde,999,20,0.03,RegressionAdjustmentEstimator,1548.2438020003797,863.811868572417,2738.078759291824,1874.266890719407,0.5085763727684149
lalonde,999,20,0.03,IPWEstimator,232.42121949850025,-917.805061731172,1704.3661754849454,2622.1712372161173,0.14935561296631406
lalonde,999,20,0.03,DoublyRobustEstimator,798.718243476316,-844.6575321293367,2488.639897708963,3333.2974298382996,0.15822617744353895
lalonde,999,20,0.03,PropensityMatcher,1052.1097784403669,-271.60213606875004,2628.30323252357,2899.90536859232,0.0643519114997541
lalonde,999,20,0.05,RegressionAdjustmentEstimator,1548.2438020003797,863.811868572417,2738.078759291824,1874.266890719407,0.5085763727684149
lalonde,999,20,0.05,IPWEstimator,232.42121949850025,-917.805061731172,1704.3661754849454,2622.1712372161173,0.14935561296631406
lalonde,999,20,0.05,DoublyRobustEstimator,798.718243476316,-844.6575321293367,2488.639897708963,3333.2974298382996,0.15822617744353895
lalonde,999,20,0.05,PropensityMatcher,1540.0712793577982,35.880461184151734,2940.2204321747695,2904.3399709906175,0.07344052274257647
lalonde,999,20,0.1,RegressionAdjustmentEstimator,1548.2438020003797,863.811868572417,2738.078759291824,1874.266890719407,0.5085763727684149
lalonde,999,20,0.1,IPWEstimator,232.42121949850025,-917.805061731172,1704.3661754849454,2622.1712372161173,0.14935561296631406
lalonde,999,20,0.1,DoublyRobustEstimator,798.718243476316,-844.6575321293367,2488.639897708963,3333.2974298382996,0.15822617744353895
lalonde,999,20,0.1,PropensityMatcher,1175.4190555045873,46.61060930785882,2371.327111585858,2324.716502277999,0.084651858788
nhefs,999,20,0.01,RegressionAdjustmentEstimator,3.3341674140824518,2.5421813751838216,4.4579228857651785,1.9157415105813569,0.1521322101281169
nhefs,999,20,0.01,IPWEstimator,3.2634978711907743,2.3201412397736845,4.266491428602601,1.9463501888289163,0.012853630864701801
nhefs,999,20,0.01,DoublyRobustEstimator,3.293647427944588,2.3282901069704045,4.338340728819393,2.0100506218489884,0.012853630864701768
nhefs,999,20,0.01,PropensityMatcher,3.103357800694088,2.2980301355065467,4.687773766227608,2.3897436307210618,0.029097592224732145
nhefs,999,20,0.02,RegressionAdjustmentEstimator,3.3341674140824518,2.5421813751838216,4.4579228857651785,1.9157415105813569,0.1521322101281169
nhefs,999,20,0.02,IPWEstimator,3.2634978711907743,2.3201412397736845,4.266491428602601,1.9463501888289163,0.012853630864701801
nhefs,999,20,0.02,DoublyRobustEstimator,3.293647427944588,2.3282901069704045,4.338340728819393,2.0100506218489884,0.012853630864701768
nhefs,999,20,0.02,PropensityMatcher,3.2117884332647817,2.247861925539777,4.612566430119485,2.364704504579708,0.029879113398767032
nhefs,999,20,0.05,RegressionAdjustmentEstimator,3.3341674140824518,2.5421813751838216,4.4579228857651785,1.9157415105813569,0.1521322101281169
nhefs,999,20,0.05,IPWEstimator,3.2634978711907743,2.3201412397736845,4.266491428602601,1.9463501888289163,0.012853630864701801
nhefs,999,20,0.05,DoublyRobustEstimator,3.293647427944588,2.3282901069704045,4.338340728819393,2.0100506218489884,0.012853630864701768
nhefs,999,20,0.05,PropensityMatcher,3.179420589179487,2.3538472722892747,4.692374966114035,2.3385276938247603,0.03034650732298481
synthetic,999,20,0.02,RegressionAdjustmentEstimator,1.9846249321644263,1.867468939864788,2.138116524901968,0.2706475850371799,0.4101570945338573
synthetic,999,20,0.02,IPWEstimator,1.927137190707402,1.6381517616315542,2.183378735964447,0.5452269743328928,0.01574644379960979
synthetic,999,20,0.02,DoublyRobustEstimator,1.9354540855590772,1.819564067050793,2.095476227049394,0.27591215999860097,0.015746443799608996
synthetic,999,20,0.02,PropensityMatcher,1.7069487424995728,1.2221680111353619,2.325740197334928,1.1035721861995662,0.05052043831836204
lalonde,999,40,0.03,RegressionAdjustmentEstimator,1548.2438020003797,153.25281101708518,2694.5650197589357,2541.3122087418506,0.5085763727684149
lalonde,999,40,0.03,IPWEstimator,232.42121949850025,-1424.5029694261755,1913.9518829782987,3338.454852404474,0.14935561296631406
lalonde,999,40,0.03,DoublyRobustEstimator,798.718243476316,-1467.7715352693453,2523.1684442670835,3990.939979536429,0.15822617744353895
lalonde,999,40,0.03,PropensityMatcher,1052.1097784403669,-217.47104738868106,2551.1792797488283,2768.6503271375095,0.0643519114997541
lalonde,999,40,0.05,RegressionAdjustmentEstimator,1548.2438020003797,153.25281101708518,2694.5650197589357,2541.3122087418506,0.5085763727684149
lalonde,999,40,0.05,IPWEstimator,232.42121949850025,-1424.5029694261755,1913.9518829782987,3338.454852404474,0.14935561296631406
lalonde,999,40,0.05,DoublyRobustEstimator,798.718243476316,-1467.7715352693453,2523.1684442670835,3990.939979536429,0.15822617744353895
lalonde,999,40,0.05,PropensityMatcher,1540.0712793577982,-88.26666096277214,2734.8873462940355,2823.1540072568077,0.07344052274257647
lalonde,999,40,0.1,RegressionAdjustmentEstimator,1548.2438020003797,153.25281101708518,2694.5650197589357,2541.3122087418506,0.5085763727684149
lalonde,999,40,0.1,IPWEstimator,232.42121949850025,-1424.5029694261755,1913.9518829782987,3338.454852404474,0.14935561296631406
lalonde,999,40,0.1,DoublyRobustEstimator,798.718243476316,-1467.7715352693453,2523.1684442670835,3990.939979536429,0.15822617744353895
lalonde,999,40,0.1,PropensityMatcher,1175.4190555045873,-124.6410427067839,2397.318925606643,2521.959968313427,0.084651858788
nhefs,999,40,0.01,RegressionAdjustmentEstimator,3.3341674140824518,2.486254237816132,4.482789246678056,1.9965350088619243,0.1521322101281169
nhefs,999,40,0.01,IPWEstimator,3.2634978711907743,2.3832088581404647,4.409603203778017,2.0263943456375526,0.012853630864701801
nhefs,999,40,0.01,DoublyRobustEstimator,3.293647427944588,2.4016437432275115,4.49591812358198,2.0942743803544683,0.012853630864701768
nhefs,999,40,0.01,PropensityMatcher,3.103357800694088,2.285770021414418,4.536898038051079,2.2511280166366605,0.029097592224732145
nhefs,999,40,0.02,RegressionAdjustmentEstimator,3.3341674140824518,2.486254237816132,4.482789246678056,1.9965350088619243,0.1521322101281169
nhefs,999,40,0.02,IPWEstimator,3.2634978711907743,2.3832088581404647,4.409603203778017,2.0263943456375526,0.012853630864701801
nhefs,999,40,0.02,DoublyRobustEstimator,3.293647427944588,2.4016437432275115,4.49591812358198,2.0942743803544683,0.012853630864701768
nhefs,999,40,0.02,PropensityMatcher,3.2117884332647817,2.294835278459368,4.549751553621108,2.2549162751617398,0.029879113398767032
nhefs,999,40,0.05,RegressionAdjustmentEstimator,3.3341674140824518,2.486254237816132,4.482789246678056,1.9965350088619243,0.1521322101281169
nhefs,999,40,0.05,IPWEstimator,3.2634978711907743,2.3832088581404647,4.409603203778017,2.0263943456375526,0.012853630864701801
nhefs,999,40,0.05,DoublyRobustEstimator,3.293647427944588,2.4016437432275115,4.49591812358198,2.0942743803544683,0.012853630864701768
nhefs,999,40,0.05,PropensityMatcher,3.179420589179487,2.1956421593579383,4.503445573889573,2.307803414531635,0.03034650732298481
synthetic,999,40,0.02,RegressionAdjustmentEstimator,1.9846249321644263,1.8510954202268681,2.1476083331793787,0.2965129129525106,0.4101570945338573
synthetic,999,40,0.02,IPWEstimator,1.927137190707402,1.6124488076433665,2.1980742641074165,0.58562545646405,0.01574644379960979
synthetic,999,40,0.02,DoublyRobustEstimator,1.9354540855590772,1.760345149557709,2.105278115065919,0.3449329655082103,0.015746443799608996
synthetic,999,40,0.02,PropensityMatcher,1.7069487424995728,1.1862056919472028,2.3043672032527454,1.1181615113055425,0.05052043831836204
lalonde,999,80,0.03,RegressionAdjustmentEstimator,1548.2438020003797,66.53519108431469,2694.5650197589353,2628.0298286746206,0.5085763727684149
lalonde,999,80,0.03,IPWEstimator,232.42121949850025,-1424.5029694261755,1902.4826903739086,3326.9856598000842,0.14935561296631406
lalonde,999,80,0.03,DoublyRobustEstimator,798.718243476316,-1467.7715352693453,2787.685562708956,4255.457097978301,0.15822617744353895
lalonde,999,80,0.03,PropensityMatcher,1052.1097784403669,-283.6550262771371,2701.6125572317214,2985.2675835088585,0.0643519114997541
lalonde,999,80,0.05,RegressionAdjustmentEstimator,1548.2438020003797,66.53519108431469,2694.5650197589353,2628.0298286746206,0.5085763727684149
lalonde,999,80,0.05,IPWEstimator,232.42121949850025,-1424.5029694261755,1902.4826903739086,3326.9856598000842,0.14935561296631406
lalonde,999,80,0.05,DoublyRobustEstimator,798.718243476316,-1467.7715352693453,2787.685562708956,4255.457097978301,0.15822617744353895
lalonde,999,80,0.05,PropensityMatcher,1540.0712793577982,-314.62489351441013,2825.5299145911154,3140.1548081055253,0.07344052274257647
lalonde,999,80,0.1,RegressionAdjustmentEstimator,1548.2438020003797,66.53519108431469,2694.5650197589353,2628.0298286746206,0.5085763727684149
lalonde,999,80,0.1,IPWEstimator,232.42121949850025,-1424.5029694261755,1902.4826903739086,3326.9856598000842,0.14935561296631406
lalonde,999,80,0.1,DoublyRobustEstimator,798.718243476316,-1467.7715352693453,2787.685562708956,4255.457097978301,0.15822617744353895
lalonde,999,80,0.1,PropensityMatcher,1175.4190555045873,-310.5352628225684,2764.3840220255975,3074.9192848481657,0.084651858788
nhefs,999,80,0.01,RegressionAdjustmentEstimator,3.3341674140824518,2.486254237816132,4.284325026619041,1.7980707888029093,0.1521322101281169
nhefs,999,80,0.01,IPWEstimator,3.2634978711907743,2.3832834483901535,4.106393212218608,1.7231097638284543,0.012853630864701801
nhefs,999,80,0.01,DoublyRobustEstimator,3.293647427944588,2.4016437432275115,4.181167316203754,1.7795235729762426,0.012853630864701768
nhefs,999,80,0.01,PropensityMatcher,3.103357800694088,2.4221806403409984,4.531995418664514,2.1098147783235155,0.029097592224732145
nhefs,999,80,0.02,RegressionAdjustmentEstimator,3.3341674140824518,2.486254237816132,4.284325026619041,1.7980707888029093,0.1521322101281169
nhefs,999,80,0.02,IPWEstimator,3.2634978711907743,2.3832834483901535,4.106393212218608,1.7231097638284543,0.012853630864701801
nhefs,999,80,0.02,DoublyRobustEstimator,3.293647427944588,2.4016437432275115,4.181167316203754,1.7795235729762426,0.012853630864701768
nhefs,999,80,0.02,PropensityMatcher,3.2117884332647817,2.3331047458476624,4.549751553621106,2.2166468077734436,0.029879113398767032
nhefs,999,80,0.05,RegressionAdjustmentEstimator,3.3341674140824518,2.486254237816132,4.284325026619041,1.7980707888029093,0.1521322101281169
nhefs,999,80,0.05,IPWEstimator,3.2634978711907743,2.3832834483901535,4.106393212218608,1.7231097638284543,0.012853630864701801
nhefs,999,80,0.05,DoublyRobustEstimator,3.293647427944588,2.4016437432275115,4.181167316203754,1.7795235729762426,0.012853630864701768
nhefs,999,80,0.05,PropensityMatcher,3.179420589179487,2.368776381836636,4.527277521143179,2.158501139306543,0.03034650732298481
synthetic,999,80,0.02,RegressionAdjustmentEstimator,1.9846249321644263,1.7939570233135875,2.1476083331793787,0.3536513098657912,0.4101570945338573
synthetic,999,80,0.02,IPWEstimator,1.927137190707402,1.6153505955514889,2.24425688578784,0.6289062902363511,0.01574644379960979
synthetic,999,80,0.02,DoublyRobustEstimator,1.9354540855590772,1.7590345424495524,2.145170581207668,0.38613603875811564,0.015746443799608996
synthetic,999,80,0.02,PropensityMatcher,1.7069487424995728,1.100037010780793,2.3760573297900165,1.2760203190092234,0.05052043831836204
